Alt,Ne,Time
101.55322265625,27188253842.285713,2017-09-06 07:36:00.003982
101.55322265625,34131006025.142857,2017-09-06 07:37:58.803770
101.55322265625,41938633289.14285,2017-09-06 07:39:00.003810
101.55322265625,48771064978.285706,2017-09-06 07:40:58.803759
101.55322265625,48723512173.71429,2017-09-06 07:43:58.803829
101.55322265625,49421959167.99999,2017-09-06 07:45:00.003859
101.55322265625,49195329243.428566,2017-09-06 07:45:57.603828
101.55322265625,48758128639.99999,2017-09-06 07:46:58.803808
101.55322265625,48722654354.285706,2017-09-06 07:48:00.003818
101.55322265625,47761006006.85714,2017-09-06 07:48:57.603988
101.55322265625,48569820891.42857,2017-09-06 07:49:58.803838
101.55322265625,49042287469.71429,2017-09-06 07:51:00.003817
101.55322265625,48902358747.428566,2017-09-06 07:51:57.603797
101.55322265625,49721143296.0,2017-09-06 07:52:58.803817
101.55322265625,48888631296.0,2017-09-06 07:54:00.003837
101.55322265625,49245529819.428566,2017-09-06 07:55:58.803786
101.55322265625,49465762962.28571,2017-09-06 07:57:00.003786
101.55322265625,48174312301.71428,2017-09-06 07:57:57.603785
101.55322265625,47844720054.85713,2017-09-06 07:58:58.803785
101.55322265625,47793726610.28571,2017-09-06 08:00:00.003795
101.55322265625,47811655972.57143,2017-09-06 08:00:57.603785
101.55322265625,49104722797.71429,2017-09-06 08:03:00.003825
101.55322265625,49222332415.99999,2017-09-06 08:03:57.603844
101.55322265625,49665557065.14285,2017-09-06 08:04:58.803824
101.55322265625,50458392868.57142,2017-09-06 08:06:00.003824
101.55322265625,50500984246.85714,2017-09-06 08:06:57.603803
101.55322265625,51609258861.71428,2017-09-06 08:09:00.004045
101.55322265625,52453787355.42857,2017-09-06 08:09:57.603823
101.55322265625,51496319853.71429,2017-09-06 08:10:58.803923
101.55322265625,51914355273.14285,2017-09-06 08:12:00.003793
101.55322265625,52860485632.0,2017-09-06 08:12:57.603772
101.55322265625,55570245924.57143,2017-09-06 08:13:58.803782
101.55322265625,56232921965.71428,2017-09-06 08:15:00.003862
101.55322265625,55987630665.14285,2017-09-06 08:15:57.603801
101.55322265625,55790866432.0,2017-09-06 08:16:58.803781
101.55322265625,57219970194.285706,2017-09-06 08:18:00.003781
101.55322265625,57664867766.85713,2017-09-06 08:18:57.603761
101.55322265625,56737151268.57143,2017-09-06 08:19:58.803771
101.55322265625,54389043785.14286,2017-09-06 08:21:00.003750
101.55322265625,54795050422.85714,2017-09-06 08:21:57.603750
101.55322265625,54254027922.28571,2017-09-06 08:22:58.803770
101.55322265625,54706861787.42857,2017-09-06 08:24:00.003720
101.55322265625,54644877019.42857,2017-09-06 08:24:57.603749
101.55322265625,52967929563.428566,2017-09-06 08:25:58.803729
101.55322265625,53575226514.285706,2017-09-06 08:27:00.003739
101.55322265625,53939392512.0,2017-09-06 08:27:57.603718
101.55322265625,53665521078.85715,2017-09-06 08:28:58.803718
101.55322265625,54265047332.57143,2017-09-06 08:30:00.003718
101.55322265625,53634245193.14285,2017-09-06 08:30:57.603848
101.55322265625,53318860214.85714,2017-09-06 08:31:58.803798
101.55322265625,47823749046.85713,2017-09-06 08:33:00.003798
101.55322265625,48408148187.428566,2017-09-06 08:33:57.603767
101.55322265625,47994685074.28571,2017-09-06 08:34:58.803868
101.55322265625,48451193636.57143,2017-09-06 08:36:00.003747
101.55322265625,49150686281.14286,2017-09-06 08:37:58.803746
101.55322265625,50215126089.14285,2017-09-06 08:39:00.003777
101.55322265625,51644438747.428566,2017-09-06 08:39:57.603776
101.55322265625,58328608768.0,2017-09-06 08:40:58.803746
101.55322265625,57556316745.14286,2017-09-06 08:42:00.003736
101.55322265625,58765443072.0,2017-09-06 08:42:57.603725
101.55322265625,58796878701.71428,2017-09-06 08:43:58.803755
101.55322265625,59462012342.857124,2017-09-06 08:45:00.003785
101.55322265625,58719169974.85714,2017-09-06 08:45:57.603724
101.55322265625,59497866971.42857,2017-09-06 08:46:58.803714
101.55322265625,59615229074.28571,2017-09-06 08:48:00.003754
101.55322265625,59946529938.285706,2017-09-06 08:48:57.603714
101.55322265625,59557639899.428566,2017-09-06 08:49:58.803703
101.55322265625,59815710720.0,2017-09-06 08:51:00.003754
101.55322265625,52008717165.71428,2017-09-06 08:51:57.603683
101.55322265625,52699583634.285706,2017-09-06 08:52:58.803723
101.55322265625,50753300772.57143,2017-09-06 08:54:00.003683
101.55322265625,50051998866.28572,2017-09-06 08:54:57.603752
101.55322265625,50061626221.714294,2017-09-06 08:55:58.803672
101.55322265625,51195375615.99999,2017-09-06 08:57:00.003692
101.55322265625,51588552411.42857,2017-09-06 08:57:57.603762
101.55322265625,60017077101.71429,2017-09-06 09:00:00.003681
101.55322265625,62506987519.999985,2017-09-06 09:00:57.603681
101.55322265625,65950666752.0,2017-09-06 09:03:00.003661
101.55322265625,67330905234.28571,2017-09-06 09:03:57.603660
101.55322265625,70771678061.71428,2017-09-06 09:04:58.803640
101.55322265625,74244904667.42856,2017-09-06 09:06:00.003771
101.55322265625,79849787977.14285,2017-09-06 09:06:57.603710
101.55322265625,82986462646.85713,2017-09-06 09:07:58.803699
101.55322265625,84963408749.71428,2017-09-06 09:09:00.003770
101.55322265625,87979738258.2857,2017-09-06 09:09:57.603679
101.55322265625,92424988964.57143,2017-09-06 09:10:58.803699
101.55322265625,94747618742.85715,2017-09-06 09:12:00.003699
101.55322265625,95396278857.14285,2017-09-06 09:12:57.603658
101.55322265625,93864033133.71428,2017-09-06 09:13:58.803668
101.55322265625,93521013028.57143,2017-09-06 09:15:00.003658
101.55322265625,94507295890.2857,2017-09-06 09:15:57.603637
101.55322265625,91783411419.42857,2017-09-06 09:16:58.803637
101.55322265625,91084420827.42856,2017-09-06 09:18:00.003707
101.55322265625,89284247552.0,2017-09-06 09:18:57.603707
101.55322265625,87754970843.42856,2017-09-06 09:19:58.803697
101.55322265625,86479701138.2857,2017-09-06 09:21:00.003667
101.55322265625,86070183058.28572,2017-09-06 09:21:57.603636
101.55322265625,82794946560.0,2017-09-06 09:22:58.803837
101.55322265625,83314438729.14285,2017-09-06 09:24:00.003797
101.55322265625,83028920612.57141,2017-09-06 09:24:57.603816
101.55322265625,82347710171.42856,2017-09-06 09:25:58.803907
101.55322265625,82296734866.2857,2017-09-06 09:27:57.603795
101.55322265625,82531268315.42857,2017-09-06 09:28:58.803775
101.55322265625,81792906971.42857,2017-09-06 09:30:00.003826
101.55322265625,83732711716.57141,2017-09-06 09:31:58.803855
101.55322265625,83808758052.57141,2017-09-06 09:33:00.003795
101.55322265625,83807346688.0,2017-09-06 09:33:57.603754
101.55322265625,83269346450.2857,2017-09-06 09:34:58.803794
101.55322265625,82584900169.14285,2017-09-06 09:36:00.003814
101.55322265625,81551012425.14285,2017-09-06 09:36:57.603763
101.55322265625,80839430729.14285,2017-09-06 09:37:58.803753
101.55322265625,78889235017.14285,2017-09-06 09:39:00.003803
101.55322265625,78433846418.28572,2017-09-06 09:39:57.603732
101.55322265625,77358491940.57143,2017-09-06 09:40:58.803783
101.55322265625,76760686592.0,2017-09-06 09:42:00.003752
101.55322265625,76005703680.0,2017-09-06 09:42:57.603732
101.55322265625,76371806500.57144,2017-09-06 09:43:58.803732
101.55322265625,76250179876.57143,2017-09-06 09:45:00.003732
101.55322265625,76567451355.42857,2017-09-06 09:45:57.603731
101.55322265625,75955857700.57143,2017-09-06 09:46:58.803691
101.55322265625,76496918235.42857,2017-09-06 09:48:00.003791
101.55322265625,76420747849.14285,2017-09-06 09:48:57.603690
101.55322265625,77902213705.14285,2017-09-06 09:49:58.803710
101.55322265625,77564334665.14285,2017-09-06 09:51:00.003680
101.55322265625,77308402541.7143,2017-09-06 09:51:57.603659
101.55322265625,77864541037.71428,2017-09-06 09:52:58.803669
101.55322265625,78205531867.42856,2017-09-06 09:54:00.003720
101.55322265625,77513698742.85715,2017-09-06 09:54:57.603659
101.55322265625,78694146048.0,2017-09-06 09:55:58.803669
101.55322265625,77983315675.42857,2017-09-06 09:57:00.003618
101.55322265625,77834168612.57143,2017-09-06 09:57:57.603678
101.55322265625,77850668470.85715,2017-09-06 09:58:58.803638
101.55322265625,78538226541.71426,2017-09-06 10:00:00.003668
101.55322265625,72149975332.57143,2017-09-06 10:01:58.803647
101.55322265625,72694004882.2857,2017-09-06 10:03:00.003657
101.55322265625,72498815268.57143,2017-09-06 10:03:57.603647
101.55322265625,72675866624.0,2017-09-06 10:04:58.803626
101.55322265625,72685562441.14285,2017-09-06 10:06:00.003677
101.55322265625,73313646592.0,2017-09-06 10:06:57.603676
101.55322265625,72079266669.71428,2017-09-06 10:07:58.803636
101.55322265625,77432084187.42856,2017-09-06 10:09:00.003706
101.55322265625,77636700452.57143,2017-09-06 10:09:57.603635
101.55322265625,77353765156.57141,2017-09-06 10:10:58.803665
101.55322265625,76261034276.57141,2017-09-06 10:12:00.003645
101.55322265625,75610485321.14285,2017-09-06 10:12:57.603624
101.55322265625,75555339117.71428,2017-09-06 10:13:58.803604
101.55322265625,75489116160.0,2017-09-06 10:15:00.003795
101.55322265625,75673741604.57143,2017-09-06 10:15:57.603795
101.55322265625,73761194569.14285,2017-09-06 10:16:58.803765
101.55322265625,72786416786.2857,2017-09-06 10:18:00.003785
101.55322265625,74174613211.42857,2017-09-06 10:18:57.603754
101.55322265625,75326945572.57144,2017-09-06 10:19:58.803764
101.55322265625,74606057764.57143,2017-09-06 10:21:00.003764
101.55322265625,74554725522.2857,2017-09-06 10:21:57.603753
101.55322265625,74973248950.85715,2017-09-06 10:22:58.803733
101.55322265625,76674242267.42857,2017-09-06 10:24:00.003743
101.55322265625,76062497060.57143,2017-09-06 10:24:57.603722
101.55322265625,76724416512.0,2017-09-06 10:25:58.803722
101.55322265625,75883184713.14285,2017-09-06 10:27:00.003712
101.55322265625,78066415908.57143,2017-09-06 10:28:58.803691
101.55322265625,78265400758.85713,2017-09-06 10:30:00.003762
101.55322265625,78488692443.42857,2017-09-06 10:31:58.803791
101.55322265625,78080045056.0,2017-09-06 10:33:00.003832
101.55322265625,79797395456.0,2017-09-06 10:33:57.603771
101.55322265625,77890373924.57143,2017-09-06 10:34:58.803791
101.55322265625,78541131190.85715,2017-09-06 10:36:57.603810
101.55322265625,77501127533.7143,2017-09-06 10:37:58.803770
101.55322265625,77753160265.14285,2017-09-06 10:39:57.603769
101.55322265625,74057949769.14287,2017-09-06 10:40:58.803779
101.55322265625,74664985161.14285,2017-09-06 10:42:00.003769
101.55322265625,74463305142.85713,2017-09-06 10:42:57.603728
101.55322265625,75182999259.42856,2017-09-06 10:43:58.803738
101.55322265625,75492564406.85713,2017-09-06 10:45:00.003789
101.55322265625,75081900617.14285,2017-09-06 10:45:57.603728
101.55322265625,73146955483.42856,2017-09-06 10:46:58.803708
101.55322265625,76557052781.71428,2017-09-06 10:48:00.003848
101.55322265625,75293977453.71428,2017-09-06 10:48:57.603818
101.55322265625,75502419382.85713,2017-09-06 10:49:58.803747
101.55322265625,74949754294.85713,2017-09-06 10:51:00.003757
101.55322265625,74610291858.2857,2017-09-06 10:51:57.603706
101.55322265625,73579229184.0,2017-09-06 10:52:58.803706
101.55322265625,74935361536.0,2017-09-06 10:54:00.003706
101.55322265625,75113150171.42856,2017-09-06 10:55:58.803746
101.55322265625,76347370934.85715,2017-09-06 10:57:00.003685
101.55322265625,76169331858.2857,2017-09-06 10:57:57.603675
101.55322265625,76471682194.2857,2017-09-06 10:58:58.803665
101.55322265625,76242927616.0,2017-09-06 11:00:00.003805
101.55322265625,76864348160.0,2017-09-06 11:00:57.603664
101.55322265625,76728422985.14285,2017-09-06 11:01:58.803674
101.55322265625,76708329179.42857,2017-09-06 11:03:00.003684
101.55322265625,76384286427.42856,2017-09-06 11:03:57.603673
101.55322265625,74971969243.42856,2017-09-06 11:04:58.803663
101.55322265625,74552445220.57143,2017-09-06 11:06:00.003663
101.55322265625,74437221229.71428,2017-09-06 11:06:57.603773
101.55322265625,73674506240.0,2017-09-06 11:07:58.803783
101.55322265625,74243630226.28572,2017-09-06 11:09:00.003803
101.55322265625,74269050002.28572,2017-09-06 11:09:57.603783
101.55322265625,73688487643.42856,2017-09-06 11:10:58.803762
101.55322265625,75623716571.42856,2017-09-06 11:12:00.003793
101.55322265625,75419429156.57143,2017-09-06 11:12:57.603762
101.55322265625,75760063049.14285,2017-09-06 11:13:58.803772
101.55322265625,76568671963.42857,2017-09-06 11:15:00.003802
101.55322265625,76689354166.85715,2017-09-06 11:15:57.603751
101.55322265625,77369112283.42856,2017-09-06 11:16:58.803741
101.55322265625,78274398500.57141,2017-09-06 11:18:00.003832
101.55322265625,79284572745.14285,2017-09-06 11:18:57.603771
101.55322265625,80823252699.42857,2017-09-06 11:19:58.803771
101.55322265625,81629523382.85713,2017-09-06 11:21:00.003811
101.55322265625,82873551140.57141,2017-09-06 11:21:57.603850
101.55322265625,84315474212.57143,2017-09-06 11:22:58.803780
101.55322265625,84987531849.14285,2017-09-06 11:24:00.003840
101.55322265625,85737019099.42856,2017-09-06 11:25:58.803830
101.55322265625,85188577572.57143,2017-09-06 11:27:00.003850
101.55322265625,85413631707.42856,2017-09-06 11:28:58.803769
101.55322265625,86103561947.42856,2017-09-06 11:30:00.003799
101.55322265625,86035424402.2857,2017-09-06 11:33:00.003798
101.55322265625,86142232868.57143,2017-09-06 11:33:57.603797
101.55322265625,86161775469.7143,2017-09-06 11:34:58.803817
101.55322265625,86477448338.2857,2017-09-06 11:36:00.003787
101.55322265625,87232256877.71428,2017-09-06 11:36:57.603777
101.55322265625,87416523044.57143,2017-09-06 11:37:58.803777
101.55322265625,86909533037.7143,2017-09-06 11:39:00.003777
101.55322265625,88235938377.14284,2017-09-06 11:39:57.603776
101.55322265625,88706643675.42856,2017-09-06 11:40:58.803776
101.55322265625,87902392905.14285,2017-09-06 11:42:00.003776
101.55322265625,87744760100.57141,2017-09-06 11:42:57.603795
101.55322265625,86472629101.71428,2017-09-06 11:43:58.803775
101.55322265625,86802901284.57143,2017-09-06 11:45:00.003815
101.55322265625,85836853833.14285,2017-09-06 11:45:57.603765
101.55322265625,83573543497.14285,2017-09-06 11:46:58.803775
101.55322265625,81230127104.0,2017-09-06 11:48:00.003825
101.55322265625,80368322852.57141,2017-09-06 11:48:57.603764
101.55322265625,84372813531.42857,2017-09-06 11:49:58.803784
101.55322265625,83268723858.28572,2017-09-06 11:51:00.003764
101.55322265625,81130206939.42857,2017-09-06 11:51:57.603743
101.55322265625,81333835483.42857,2017-09-06 11:52:58.803763
101.55322265625,88233536950.85713,2017-09-06 11:54:00.003763
101.55322265625,95299891785.14285,2017-09-06 11:54:57.603763
101.55322265625,103599713718.85715,2017-09-06 11:55:58.803793
101.55322265625,109553338660.57143,2017-09-06 11:57:00.003923
101.55322265625,120805196946.2857,2017-09-06 11:57:57.603752
101.55322265625,134213063241.14285,2017-09-06 11:58:58.803752
101.55322265625,147230606482.2857,2017-09-06 12:00:00.003903
101.55322265625,153693936493.71426,2017-09-06 12:00:57.603741
101.55322265625,162603882203.4286,2017-09-06 12:01:58.803771
101.55322265625,168924945261.71426,2017-09-06 12:03:00.003801
101.55322265625,171477495222.85715,2017-09-06 12:03:57.603791
101.55322265625,172650533449.14285,2017-09-06 12:04:58.803740
101.55322265625,171141695780.57144,2017-09-06 12:06:00.003901
101.55322265625,168891432960.0,2017-09-06 12:06:57.603770
101.55322265625,166152381586.2857,2017-09-06 12:07:58.803820
101.55322265625,160100724150.85718,2017-09-06 12:09:00.003850
101.55322265625,154353016832.0,2017-09-06 12:09:57.603809
101.55322265625,148586300562.2857,2017-09-06 12:10:58.803729
101.55322265625,144512403748.57144,2017-09-06 12:12:00.003880
101.55322265625,140974983460.5714,2017-09-06 12:12:57.603708
101.55322265625,137259162477.71428,2017-09-06 12:13:58.803738
101.55322265625,133298305901.71428,2017-09-06 12:15:00.003819
101.55322265625,128554673298.2857,2017-09-06 12:15:57.603708
101.55322265625,127146214546.2857,2017-09-06 12:16:58.803768
101.55322265625,125017409828.57141,2017-09-06 12:18:00.003858
101.55322265625,122974913682.2857,2017-09-06 12:18:57.603757
101.55322265625,119952192073.14284,2017-09-06 12:19:58.803817
101.55322265625,117689712640.0,2017-09-06 12:21:00.003868
101.55322265625,116205510655.99998,2017-09-06 12:21:57.603767
101.55322265625,116264791478.85713,2017-09-06 12:22:58.803777
101.55322265625,113912582729.14284,2017-09-06 12:24:00.003827
101.55322265625,109247259794.28572,2017-09-06 12:24:57.603786
101.55322265625,107575853056.0,2017-09-06 12:25:58.803746
101.55322265625,108183981494.85713,2017-09-06 12:27:00.003907
101.55322265625,108468915638.85715,2017-09-06 12:27:57.603755
101.55322265625,107898422418.2857,2017-09-06 12:28:58.803735
101.55322265625,108091662335.99998,2017-09-06 12:30:00.003826
101.55322265625,107659175058.2857,2017-09-06 12:30:57.603734
101.55322265625,110214245814.85713,2017-09-06 12:31:58.803724
101.55322265625,110714109951.99998,2017-09-06 12:33:00.003754
101.55322265625,108898759241.14284,2017-09-06 12:33:57.603744
101.55322265625,108162842623.99997,2017-09-06 12:34:58.803724
101.55322265625,109116915712.0,2017-09-06 12:36:00.003874
101.55322265625,108149517750.85713,2017-09-06 12:36:57.603703
101.55322265625,109399250651.42857,2017-09-06 12:37:58.803703
101.55322265625,112033444425.14285,2017-09-06 12:39:00.003813
101.55322265625,112666128969.14284,2017-09-06 12:39:57.603692
101.55322265625,115683278848.0,2017-09-06 12:40:58.803672
101.55322265625,118176415744.0,2017-09-06 12:42:00.003722
101.55322265625,119968118491.42857,2017-09-06 12:42:57.603671
101.55322265625,122462619940.57141,2017-09-06 12:43:58.803671
101.55322265625,122355245056.0,2017-09-06 12:45:00.003661
101.55322265625,121759177581.71428,2017-09-06 12:46:58.803620
101.55322265625,123804041216.0,2017-09-06 12:48:00.003640
101.55322265625,123881461467.42857,2017-09-06 12:48:57.603600
101.55322265625,122506447140.57143,2017-09-06 12:49:58.803600
101.55322265625,121950123739.42857,2017-09-06 12:51:00.003660
101.55322265625,122781766217.14287,2017-09-06 12:51:57.603780
101.55322265625,125167223954.28572,2017-09-06 12:52:58.803800
101.55322265625,125467554377.14287,2017-09-06 12:54:00.003891
101.55322265625,125843438445.7143,2017-09-06 12:54:57.603769
101.55322265625,126070333440.0,2017-09-06 12:55:58.803739
101.55322265625,121341067263.99998,2017-09-06 12:57:00.003850
101.55322265625,121231205522.2857,2017-09-06 12:57:57.603738
101.55322265625,120027299840.0,2017-09-06 12:58:58.803738
101.55322265625,119858895725.71428,2017-09-06 13:00:00.003809
101.55322265625,119492845567.99998,2017-09-06 13:00:57.603708
101.55322265625,118324707327.99998,2017-09-06 13:01:58.803738
101.55322265625,117479902646.85712,2017-09-06 13:03:00.003798
101.55322265625,122975709476.57141,2017-09-06 13:03:57.603707
101.55322265625,122665431625.14285,2017-09-06 13:04:58.803677
101.55322265625,122022413458.2857,2017-09-06 13:06:00.003797
101.55322265625,120229398820.57141,2017-09-06 13:06:57.603656
101.55322265625,119632775460.57141,2017-09-06 13:07:58.803696
101.55322265625,119771405165.71428,2017-09-06 13:09:00.003676
101.55322265625,117572152758.85715,2017-09-06 13:09:57.603746
101.55322265625,114624417206.85712,2017-09-06 13:10:58.803766
101.55322265625,113609397979.42856,2017-09-06 13:12:00.003826
101.55322265625,115254211145.14285,2017-09-06 13:12:57.603715
101.55322265625,115094643858.2857,2017-09-06 13:13:58.803725
101.55322265625,115383201206.85713,2017-09-06 13:15:00.003926
101.55322265625,113838703762.2857,2017-09-06 13:15:57.603754
101.55322265625,115609171675.42856,2017-09-06 13:16:58.803694
101.55322265625,117580132937.14287,2017-09-06 13:18:00.003754
101.55322265625,118022681161.14287,2017-09-06 13:18:57.603683
101.55322265625,115333056804.57144,2017-09-06 13:19:58.803673
101.55322265625,114932856539.42856,2017-09-06 13:21:00.003764
101.55322265625,114495331181.71428,2017-09-06 13:21:57.603663
101.55322265625,113831734710.85715,2017-09-06 13:22:58.803663
101.55322265625,114654608237.71426,2017-09-06 13:24:00.003773
101.55322265625,114390088557.7143,2017-09-06 13:24:57.603702
101.55322265625,113684238921.14285,2017-09-06 13:25:58.803622
101.55322265625,113479001234.28572,2017-09-06 13:27:00.003692
101.55322265625,113586893385.14285,2017-09-06 13:27:57.603641
101.55322265625,112586585819.42856,2017-09-06 13:28:58.803611
101.55322265625,103073923072.0,2017-09-06 13:30:00.003722
101.55322265625,99988132425.14285,2017-09-06 13:30:57.603600
101.55322265625,98522811830.85713,2017-09-06 13:31:58.803671
101.55322265625,98016554422.85712,2017-09-06 13:33:00.003600
101.55322265625,99643880009.14285,2017-09-06 13:33:57.603579
101.55322265625,98876421851.42856,2017-09-06 13:34:58.803589
101.55322265625,100331464996.57143,2017-09-06 13:36:00.003650
101.55322265625,109601576667.42856,2017-09-06 13:37:58.803619
101.55322265625,111230843757.71426,2017-09-06 13:39:00.003639
101.55322265625,111439202596.57141,2017-09-06 13:39:57.603528
101.55322265625,112233129106.28572,2017-09-06 13:40:58.803528
101.55322265625,109427268461.7143,2017-09-06 13:42:00.003618
101.55322265625,109169620699.42856,2017-09-06 13:42:57.603527
101.55322265625,107836297801.14285,2017-09-06 13:43:58.803517
101.55322265625,107442043757.71426,2017-09-06 13:45:00.003799
101.55322265625,108347479771.42857,2017-09-06 13:45:57.603758
101.55322265625,108493382802.2857,2017-09-06 13:46:58.803758
101.55322265625,106466974573.71428,2017-09-06 13:48:00.003738
101.55322265625,106127286272.0,2017-09-06 13:49:58.803747
101.55322265625,105540584594.2857,2017-09-06 13:51:00.003858
101.55322265625,104426556854.85713,2017-09-06 13:51:57.603767
101.55322265625,104490295295.99998,2017-09-06 13:52:58.803746
101.55322265625,101210169344.0,2017-09-06 13:54:00.003756
101.55322265625,99270536630.85713,2017-09-06 13:54:57.603726
101.55322265625,98496846701.7143,2017-09-06 13:55:58.803816
101.55322265625,98067280457.14285,2017-09-06 13:57:00.003746
101.55322265625,96446823277.71428,2017-09-06 13:57:57.603715
101.55322265625,95269876297.14284,2017-09-06 13:58:58.803715
101.55322265625,93768266313.14285,2017-09-06 14:00:00.003886
101.55322265625,92381454336.0,2017-09-06 14:00:57.603714
101.55322265625,91649772982.85715,2017-09-06 14:01:58.803704
101.55322265625,89849825572.57144,2017-09-06 14:03:00.003795
101.55322265625,88771877741.71426,2017-09-06 14:03:57.603724
101.55322265625,88177102262.85715,2017-09-06 14:04:58.803714
101.55322265625,86371731748.57143,2017-09-06 14:06:00.003774
101.55322265625,85367049654.85713,2017-09-06 14:06:57.603723
101.55322265625,85297757037.71426,2017-09-06 14:07:58.803763
101.55322265625,83548807168.0,2017-09-06 14:09:00.003813
101.55322265625,83856401554.2857,2017-09-06 14:09:57.603722
101.55322265625,82014823570.2857,2017-09-06 14:10:58.803712
101.55322265625,80550743478.85713,2017-09-06 14:12:00.003783
101.55322265625,80878965321.14285,2017-09-06 14:12:57.603712
101.55322265625,79587067026.2857,2017-09-06 14:15:00.003752
101.55322265625,77821850185.14285,2017-09-06 14:15:57.603711
101.55322265625,77758520173.71428,2017-09-06 14:16:58.803751
101.55322265625,76209400100.57143,2017-09-06 14:18:00.003821
101.55322265625,76337393078.85713,2017-09-06 14:18:57.603720
101.55322265625,77029345572.57143,2017-09-06 14:19:58.803781
101.55322265625,75691054811.42856,2017-09-06 14:21:00.003931
101.55322265625,75421546203.42857,2017-09-06 14:21:57.603770
101.55322265625,75550640420.57143,2017-09-06 14:22:58.803780
101.55322265625,74811407213.71428,2017-09-06 14:24:00.003941
101.55322265625,74428628992.0,2017-09-06 14:24:57.603749
101.55322265625,73882954020.57143,2017-09-06 14:25:58.803799
101.55322265625,70454364452.57143,2017-09-06 14:27:00.003890
101.55322265625,69783616365.71428,2017-09-06 14:27:57.603779
101.55322265625,68451964635.42856,2017-09-06 14:28:58.803869
101.55322265625,66929470317.71428,2017-09-06 14:30:00.003849
101.55322265625,66861711945.14286,2017-09-06 14:30:57.603798
101.55322265625,66381967360.0,2017-09-06 14:31:58.803808
101.55322265625,66082534546.28571,2017-09-06 14:33:00.003899
101.55322265625,68217868288.0,2017-09-06 14:33:57.603787
101.55322265625,68007561508.57143,2017-09-06 14:34:58.803848
101.55322265625,68027861869.71429,2017-09-06 14:36:00.003828
101.55322265625,68072254317.71429,2017-09-06 14:36:57.603807
101.55322265625,67557172955.42857,2017-09-06 14:37:58.803827
101.55322265625,67190942573.71428,2017-09-06 14:39:00.003887
101.55322265625,66301450532.57143,2017-09-06 14:39:57.603816
101.55322265625,64363157211.428566,2017-09-06 14:40:58.803826
101.55322265625,64146044635.42857,2017-09-06 14:42:00.003927
101.55322265625,65311908425.14285,2017-09-06 14:42:57.603876
101.55322265625,65764841179.42857,2017-09-06 14:43:58.803826
101.55322265625,66066929371.42857,2017-09-06 14:45:00.003916
101.55322265625,66200562541.71429,2017-09-06 14:45:57.603855
101.55322265625,66223640575.99999,2017-09-06 14:46:58.803835
101.55322265625,67708456374.85714,2017-09-06 14:48:00.003865
101.55322265625,68299959149.71428,2017-09-06 14:48:57.603875
101.55322265625,67271361682.285706,2017-09-06 14:51:57.603824
101.55322265625,67559116214.85714,2017-09-06 14:52:58.803813
101.55322265625,67178494829.71428,2017-09-06 14:54:00.003924
101.55322265625,67023668955.428566,2017-09-06 14:54:57.603773
101.55322265625,67161265298.28571,2017-09-06 14:55:58.803783
101.55322265625,67009373915.428566,2017-09-06 14:57:00.003793
101.55322265625,66419601993.14285,2017-09-06 14:57:57.603762
101.55322265625,66853824219.428566,2017-09-06 14:58:58.803762
101.55322265625,66772498724.57143,2017-09-06 15:00:00.003812
101.55322265625,67830934381.71428,2017-09-06 15:00:57.603731
101.55322265625,68501117220.57143,2017-09-06 15:01:58.803731
101.55322265625,69703063844.57144,2017-09-06 15:03:00.003811
101.55322265625,70205561124.57143,2017-09-06 15:03:57.603710
101.55322265625,70493188096.0,2017-09-06 15:04:58.803700
101.55322265625,73416353499.42857,2017-09-06 15:06:57.603679
101.55322265625,81336448146.2857,2017-09-06 15:07:58.803659
101.55322265625,84883247104.0,2017-09-06 15:09:00.003699
101.55322265625,89546779501.71428,2017-09-06 15:09:57.603669
101.55322265625,98115577563.42856,2017-09-06 15:10:58.803638
101.55322265625,105233220169.14285,2017-09-06 15:12:00.003729
101.55322265625,118753144246.85715,2017-09-06 15:12:57.603678
101.55322265625,137253323922.2857,2017-09-06 15:13:58.803648
101.55322265625,150144029257.14285,2017-09-06 15:15:00.003678
101.55322265625,153564530980.5714,2017-09-06 15:16:58.803607
101.55322265625,155587135780.5714,2017-09-06 15:18:00.003637
101.55322265625,150721631963.42856,2017-09-06 15:18:57.603606
101.55322265625,143438575323.42856,2017-09-06 15:19:58.803606
101.55322265625,130522800128.0,2017-09-06 15:21:00.003646
101.55322265625,109577817526.85715,2017-09-06 15:21:57.603606
101.55322265625,88320844361.14287,2017-09-06 15:22:58.803606
101.55322265625,82225048429.7143,2017-09-06 15:24:00.003676
101.55322265625,74893762560.0,2017-09-06 15:24:57.603605
101.55322265625,69123661238.85715,2017-09-06 15:25:58.803645
101.55322265625,66177509083.42857,2017-09-06 15:27:00.003645
101.55322265625,63720594870.85715,2017-09-06 15:27:57.603634
101.55322265625,60626495780.571434,2017-09-06 15:28:58.803624
101.55322265625,56325914038.85715,2017-09-06 15:30:00.003876
101.55322265625,53055750144.0,2017-09-06 15:30:57.603785
101.55322265625,50434543616.0,2017-09-06 15:31:58.803815
101.55322265625,49077408914.28571,2017-09-06 15:33:00.003895
101.55322265625,48286389394.28571,2017-09-06 15:33:57.603854
101.55322265625,48079339520.0,2017-09-06 15:34:58.803824
101.55322265625,47514417444.57143,2017-09-06 15:36:57.603793
101.55322265625,48531233060.57143,2017-09-06 15:37:58.803783
101.55322265625,47422928018.28571,2017-09-06 15:39:00.003924
101.55322265625,46744016603.428566,2017-09-06 15:39:57.603773
101.55322265625,45778585307.428566,2017-09-06 15:40:58.803762
101.55322265625,45391007743.99999,2017-09-06 15:42:00.003833
101.55322265625,44054675456.0,2017-09-06 15:42:57.603732
101.55322265625,42813011675.428566,2017-09-06 15:43:58.803732
101.55322265625,42321730998.85713,2017-09-06 15:45:00.003842
101.55322265625,40880689151.99999,2017-09-06 15:45:57.603761
101.55322265625,40821514240.0,2017-09-06 15:46:58.803701
101.55322265625,41432134802.28571,2017-09-06 15:48:00.003731
101.55322265625,42318634422.85715,2017-09-06 15:48:57.603690
101.55322265625,44228471661.71428,2017-09-06 15:49:58.803700
101.55322265625,45900006546.28571,2017-09-06 15:51:00.003700
101.55322265625,47651656850.285706,2017-09-06 15:52:58.803730
101.55322265625,49549828096.0,2017-09-06 15:54:00.003679
101.55322265625,51264477476.57143,2017-09-06 15:54:57.603628
101.55322265625,52009700790.85713,2017-09-06 15:55:58.803628
101.55322265625,52498518601.14285,2017-09-06 15:57:00.003648
101.55322265625,51691741769.14286,2017-09-06 15:57:57.603638
101.55322265625,50618562852.57143,2017-09-06 15:58:58.803638
101.55322265625,50269064630.85714,2017-09-06 16:00:00.003638
101.55322265625,49005455067.42857,2017-09-06 16:00:57.603607
101.55322265625,47190263515.42857,2017-09-06 16:01:58.803597
101.55322265625,45589677202.28571,2017-09-06 16:03:00.003627
101.55322265625,43970527817.14285,2017-09-06 16:03:57.603576
101.55322265625,42639364095.99999,2017-09-06 16:04:58.803646
101.55322265625,41209569572.57142,2017-09-06 16:06:00.003797
101.55322265625,40484945627.428566,2017-09-06 16:06:57.603777
101.55322265625,39710984191.99999,2017-09-06 16:07:58.803756
101.55322265625,39369512960.0,2017-09-06 16:08:27.603751
101.55322265625,38779286966.85714,2017-09-06 16:10:58.803776
101.55322265625,38293507803.428566,2017-09-06 16:12:00.003756
101.55322265625,37978895213.71428,2017-09-06 16:12:57.603745
101.55322265625,39079183506.28571,2017-09-06 16:13:58.803775
101.55322265625,38393245110.85714,2017-09-06 16:15:00.003755
101.55322265625,38138846061.71429,2017-09-06 16:15:57.603714
101.55322265625,36946484662.85714,2017-09-06 16:16:58.803724
101.55322265625,37071405056.0,2017-09-06 16:18:00.003764
101.55322265625,38140527762.28571,2017-09-06 16:18:57.603724
101.55322265625,37943920347.428566,2017-09-06 16:19:58.803764
101.55322265625,37338783158.85714,2017-09-06 16:21:00.003724
101.55322265625,37297480265.14285,2017-09-06 16:21:57.603723
101.55322265625,37945508425.14285,2017-09-06 16:22:58.803844
101.55322265625,39238077878.85714,2017-09-06 16:24:00.003783
101.55322265625,39307133513.14285,2017-09-06 16:24:57.603763
101.55322265625,38416283940.57143,2017-09-06 16:27:00.003793
101.55322265625,39054000713.14285,2017-09-06 16:27:57.603762
101.55322265625,39566416749.71429,2017-09-06 16:28:58.803792
101.55322265625,40879591424.0,2017-09-06 16:30:00.003732
101.55322265625,40341631561.14286,2017-09-06 16:30:57.603711
101.55322265625,40260287341.71428,2017-09-06 16:31:58.803751
101.55322265625,40205664256.0,2017-09-06 16:33:00.003731
101.55322265625,39227283748.57143,2017-09-06 16:33:57.603700
101.55322265625,38130064530.28571,2017-09-06 16:36:00.003700
101.55322265625,37543406153.14286,2017-09-06 16:36:57.603679
101.55322265625,35002382921.14286,2017-09-06 16:37:58.803770
101.55322265625,35108334738.28571,2017-09-06 16:39:00.003810
101.55322265625,34236314770.285713,2017-09-06 16:39:57.603689
101.55322265625,33719993490.285713,2017-09-06 16:40:58.803830
101.55322265625,33884588617.142853,2017-09-06 16:42:00.003719
101.55322265625,33066795593.142853,2017-09-06 16:42:57.603718
101.55322265625,32235167743.999992,2017-09-06 16:43:58.803960
101.55322265625,32278401901.714283,2017-09-06 16:45:00.003738
101.55322265625,31026296246.857143,2017-09-06 16:45:57.603778
101.55322265625,31289551140.571426,2017-09-06 16:46:58.803879
101.55322265625,30764354413.714283,2017-09-06 16:48:00.003808
101.55322265625,30392388754.285713,2017-09-06 16:48:57.603757
101.55322265625,30875103524.57143,2017-09-06 16:49:58.803848
101.55322265625,30832757028.571426,2017-09-06 16:51:00.003747
101.55322265625,30070816768.0,2017-09-06 16:51:57.603706
101.55322265625,30519778450.285706,2017-09-06 16:52:58.803917
101.55322265625,29778366171.428562,2017-09-06 16:54:00.003746
101.55322265625,29190604507.428566,2017-09-06 16:54:57.603716
101.55322265625,29918041819.428566,2017-09-06 16:55:58.803766
101.55322265625,30128869375.999996,2017-09-06 16:57:00.003716
101.55322265625,29991861979.42857,2017-09-06 16:57:57.603715
101.55322265625,30914318043.428566,2017-09-06 16:58:58.803805
101.55322265625,30476125037.71428,2017-09-06 17:00:00.003805
101.55322265625,30546361197.714283,2017-09-06 17:00:57.603785
101.55322265625,30952664210.28571,2017-09-06 17:01:58.803815
101.55322265625,30274772991.999996,2017-09-06 17:03:00.003764
101.55322265625,29875136511.999996,2017-09-06 17:03:57.603754
101.55322265625,29648284818.28571,2017-09-06 17:04:58.803794
101.55322265625,29239102902.85714,2017-09-06 17:06:00.003724
101.55322265625,28929478656.0,2017-09-06 17:06:57.603753
101.55322265625,29208091501.714287,2017-09-06 17:07:58.803763
101.55322265625,29037827218.285713,2017-09-06 17:09:00.003793
101.55322265625,28274313801.142853,2017-09-06 17:09:57.603702
101.55322265625,27734728703.999996,2017-09-06 17:10:58.803702
101.55322265625,27820780690.285713,2017-09-06 17:12:00.003813
101.55322265625,27359237851.428566,2017-09-06 17:12:57.603782
101.55322265625,27244102509.71428,2017-09-06 17:13:58.803691
101.55322265625,26206133979.428574,2017-09-06 17:15:00.003691
101.55322265625,25502928896.0,2017-09-06 17:15:57.603651
101.55322265625,25472565248.0,2017-09-06 17:16:58.803671
101.55322265625,25113042944.0,2017-09-06 17:18:00.003681
101.55322265625,24584969947.42857,2017-09-06 17:18:57.603660
101.55322265625,24766767104.0,2017-09-06 17:19:58.803660
101.55322265625,24396725686.857143,2017-09-06 17:21:00.003660
101.55322265625,24228853174.857143,2017-09-06 17:21:57.603659
101.55322265625,24458734738.285713,2017-09-06 17:22:58.803669
101.55322265625,24371662555.42857,2017-09-06 17:24:00.003699
101.55322265625,24435624228.571423,2017-09-06 17:24:57.603628
101.55322265625,24699097380.571423,2017-09-06 17:25:58.803628
101.55322265625,24211457170.285713,2017-09-06 17:27:00.003628
101.55322265625,24444317988.571423,2017-09-06 17:27:57.603618
101.55322265625,24609263615.999996,2017-09-06 17:28:58.803608
101.55322265625,24571517805.714283,2017-09-06 17:30:00.003618
101.55322265625,24785937554.285713,2017-09-06 17:30:57.603617
101.55322265625,25345053257.142857,2017-09-06 17:31:58.803597
101.55322265625,24971909120.0,2017-09-06 17:33:00.003597
101.55322265625,25169602560.0,2017-09-06 17:33:57.603777
101.55322265625,24828596516.571426,2017-09-06 17:34:58.803848
101.55322265625,24692391350.85714,2017-09-06 17:36:00.003797
101.55322265625,24338887533.714283,2017-09-06 17:36:57.603777
101.55322265625,24309854793.142857,2017-09-06 17:37:58.803777
101.55322265625,24071160685.714283,2017-09-06 17:39:00.003887
101.55322265625,24679861686.85714,2017-09-06 17:39:57.603836
101.55322265625,24964889161.142857,2017-09-06 17:40:58.803846
101.55322265625,25599383552.0,2017-09-06 17:42:00.003786
101.55322265625,25717645312.0,2017-09-06 17:42:57.603805
101.55322265625,26029811711.999996,2017-09-06 17:43:58.803745
101.55322265625,25885898751.999996,2017-09-06 17:45:00.003735
101.55322265625,25420633819.428566,2017-09-06 17:45:57.603734
101.55322265625,24903037513.142857,2017-09-06 17:46:58.803744
101.55322265625,24551909961.142857,2017-09-06 17:48:00.003754
101.55322265625,24347168475.428574,2017-09-06 17:48:57.603724
101.55322265625,24650447140.571426,2017-09-06 17:49:58.803794
101.55322265625,25028266861.714287,2017-09-06 17:51:00.003724
101.55322265625,24738012598.857143,2017-09-06 17:51:57.603693
101.55322265625,25214216777.142853,2017-09-06 17:52:58.803683
101.55322265625,25405631049.142853,2017-09-06 17:54:00.003693
101.55322265625,25789205650.285713,2017-09-06 17:54:57.603752
101.55322265625,25394795373.714283,2017-09-06 17:55:58.803692
101.55322265625,24919935853.714287,2017-09-06 17:57:00.003742
101.55322265625,24380373284.57143,2017-09-06 17:57:57.603681
101.55322265625,24907331291.42857,2017-09-06 17:58:58.803661
101.55322265625,24500795099.428566,2017-09-06 18:00:00.003681
101.55322265625,24488844434.285713,2017-09-06 18:00:57.603671
101.55322265625,24021168128.0,2017-09-06 18:01:58.803651
101.55322265625,24006481042.285713,2017-09-06 18:03:00.003691
101.55322265625,23981788598.85714,2017-09-06 18:03:57.603640
101.55322265625,23959127478.85714,2017-09-06 18:04:58.803630
101.55322265625,23131874157.714283,2017-09-06 18:06:00.003630
101.55322265625,22996422363.42857,2017-09-06 18:06:57.603669
101.55322265625,22777749503.999996,2017-09-06 18:07:58.803609
101.55322265625,22700642596.571426,2017-09-06 18:09:00.003699
101.55322265625,23123783094.85714,2017-09-06 18:09:57.603679
101.55322265625,23166361307.42857,2017-09-06 18:10:58.803669
101.55322265625,22577996361.14286,2017-09-06 18:12:00.003699
101.55322265625,22809928265.142857,2017-09-06 18:12:57.603668
101.55322265625,23052117138.285713,2017-09-06 18:13:58.803698
101.55322265625,22819607405.714287,2017-09-06 18:15:00.003728
101.55322265625,22734363501.714283,2017-09-06 18:15:57.603667
101.55322265625,22497470756.57143,2017-09-06 18:16:58.803667
101.55322265625,22324917979.428574,2017-09-06 18:18:00.003687
101.55322265625,22877060827.428566,2017-09-06 18:18:57.603687
101.55322265625,22803039085.714283,2017-09-06 18:19:58.803636
101.55322265625,22571215725.714283,2017-09-06 18:21:00.003697
101.55322265625,22684081298.285713,2017-09-06 18:21:57.603616
101.55322265625,22517707629.714287,2017-09-06 18:22:58.803676
101.55322265625,22289982902.857143,2017-09-06 18:24:00.003656
101.55322265625,22099767881.142857,2017-09-06 18:24:57.603605
101.55322265625,21556554605.714283,2017-09-06 18:25:58.803776
101.55322265625,21776901266.285713,2017-09-06 18:27:00.003776
101.55322265625,21654019803.428566,2017-09-06 18:27:57.603785
101.55322265625,21426994907.42857,2017-09-06 18:28:58.803745
101.55322265625,21771740013.714287,2017-09-06 18:30:00.003765
101.55322265625,21600218258.28571,2017-09-06 18:30:57.603744
101.55322265625,21492566893.714283,2017-09-06 18:31:58.803744
101.55322265625,22026784475.42857,2017-09-06 18:33:00.003815
101.55322265625,21500370358.85714,2017-09-06 18:33:57.603804
101.55322265625,21373883245.714283,2017-09-06 18:34:58.803774
101.55322265625,21271143862.857143,2017-09-06 18:36:00.003754
101.55322265625,20770783232.0,2017-09-06 18:36:57.603723
101.55322265625,20512686665.142853,2017-09-06 18:37:58.803723
101.55322265625,20389092205.714287,2017-09-06 18:39:00.003823
101.55322265625,20026140672.0,2017-09-06 18:39:57.603833
101.55322265625,19741674349.714283,2017-09-06 18:40:58.803793
101.55322265625,19312586752.0,2017-09-06 18:42:00.003742
101.55322265625,19187108717.714283,2017-09-06 18:42:57.603691
101.55322265625,19081054793.142853,2017-09-06 18:43:58.803722
101.55322265625,19080670061.714283,2017-09-06 18:45:00.003832
101.55322265625,18781369197.714287,2017-09-06 18:45:57.603832
101.55322265625,18505055378.285713,2017-09-06 18:46:58.803761
101.55322265625,19009861631.999996,2017-09-06 18:48:00.003811
101.55322265625,19110376009.142857,2017-09-06 18:48:57.603761
101.55322265625,19077151305.142857,2017-09-06 18:49:58.803771
101.55322265625,18852923977.142857,2017-09-06 18:51:00.003750
101.55322265625,18882379776.0,2017-09-06 18:51:57.603800
101.55322265625,19113948598.857143,2017-09-06 18:52:58.803750
101.55322265625,18798831762.285713,2017-09-06 18:54:57.603809
101.55322265625,18352505270.857143,2017-09-06 18:55:58.803759
101.55322265625,18451924260.571426,2017-09-06 18:57:00.003749
101.55322265625,18469593819.42857,2017-09-06 18:57:57.603738
101.55322265625,18586400036.57143,2017-09-06 18:58:58.803769
101.55322265625,18405359762.285713,2017-09-06 19:00:00.003748
101.55322265625,18061030253.714283,2017-09-06 19:00:57.603738
101.55322265625,18383210642.285713,2017-09-06 19:01:58.803748
101.55322265625,18580717714.285713,2017-09-06 19:03:00.003728
101.55322265625,18549249023.999996,2017-09-06 19:03:57.603727
101.55322265625,18456614765.714287,2017-09-06 19:04:58.803767
101.55322265625,18785312329.142857,2017-09-06 19:06:00.003747
101.55322265625,18770416640.0,2017-09-06 19:06:57.603716
101.55322265625,19052127378.285713,2017-09-06 19:07:58.803706
101.55322265625,19280906239.999996,2017-09-06 19:09:00.003706
101.55322265625,18782538020.571426,2017-09-06 19:09:57.603695
101.55322265625,18940695113.142857,2017-09-06 19:10:58.803705
101.55322265625,18945440621.714287,2017-09-06 19:12:00.003766
101.55322265625,18839737490.285713,2017-09-06 19:12:57.603645
101.55322265625,19105521078.857143,2017-09-06 19:13:58.803675
101.55322265625,19418076013.714283,2017-09-06 19:15:00.003665
101.55322265625,19457654198.85714,2017-09-06 19:15:57.603644
101.55322265625,19963062272.0,2017-09-06 19:16:58.803634
101.55322265625,19965245732.571426,2017-09-06 19:18:00.003684
101.55322265625,20248523337.142857,2017-09-06 19:18:57.603633
101.55322265625,20243584438.85714,2017-09-06 19:19:58.803794
101.55322265625,20084520374.85714,2017-09-06 19:21:00.003824
101.55322265625,19638806235.42857,2017-09-06 19:21:57.603753
101.55322265625,19318756205.714283,2017-09-06 19:22:58.803773
101.55322265625,19010656548.571426,2017-09-06 19:24:00.003823
101.55322265625,19020569161.142857,2017-09-06 19:24:57.603722
101.55322265625,18583785472.0,2017-09-06 19:25:58.803722
101.55322265625,18499897344.0,2017-09-06 19:27:00.003843
101.55322265625,18991914715.428574,2017-09-06 19:27:57.603691
101.55322265625,19417422701.714287,2017-09-06 19:28:58.803691
101.55322265625,19790333366.857143,2017-09-06 19:30:00.003732
101.55322265625,20020145883.428574,2017-09-06 19:30:57.603741
101.55322265625,20046781586.285713,2017-09-06 19:31:58.803681
101.55322265625,20342419748.571426,2017-09-06 19:33:00.003691
101.55322265625,20299900928.0,2017-09-06 19:33:57.603660
101.55322265625,19636572452.57143,2017-09-06 19:34:58.803710
101.55322265625,19530258139.428574,2017-09-06 19:36:00.003680
101.55322265625,19307844754.285713,2017-09-06 19:36:57.603770
101.55322265625,19311035538.285713,2017-09-06 19:37:58.803790
101.55322265625,19301424859.428574,2017-09-06 19:39:00.003770
101.55322265625,19054785974.857143,2017-09-06 19:39:57.603759
101.55322265625,19038693961.142857,2017-09-06 19:40:58.803769
101.55322265625,19094809453.714287,2017-09-06 19:42:00.003789
101.55322265625,18664992036.571426,2017-09-06 19:42:57.603698
101.55322265625,18854386395.42857,2017-09-06 19:43:58.803718
101.55322265625,18989341988.571426,2017-09-06 19:45:00.003728
101.55322265625,18671505261.714283,2017-09-06 19:45:57.603738
101.55322265625,18838017024.0,2017-09-06 19:46:58.803718
101.55322265625,19040577097.142853,2017-09-06 19:48:00.003738
101.55322265625,19223487780.571426,2017-09-06 19:48:57.603717
101.55322265625,19373420836.571426,2017-09-06 19:49:58.803707
101.55322265625,18955233865.142857,2017-09-06 19:51:00.003817
101.55322265625,18844911908.571426,2017-09-06 19:51:57.603706
101.55322265625,19074827995.42857,2017-09-06 19:52:58.803736
101.55322265625,19127981787.428574,2017-09-06 19:54:00.003716
101.55322265625,19069168493.714287,2017-09-06 19:54:57.603665
101.55322265625,19139632566.857143,2017-09-06 19:55:58.803705
101.55322265625,19245930496.0,2017-09-06 19:57:00.003695
101.55322265625,19353081855.999996,2017-09-06 19:57:57.603675
101.55322265625,19307667163.428566,2017-09-06 19:58:58.803665
101.55322265625,19268733513.142857,2017-09-06 20:00:00.003655
101.55322265625,19315841023.999996,2017-09-06 20:00:57.603654
101.55322265625,19543230756.571426,2017-09-06 20:01:58.803644
101.55322265625,19851847094.85714,2017-09-06 20:04:58.803683
101.55322265625,19864942299.428574,2017-09-06 20:06:00.003623
101.55322265625,19969625234.285713,2017-09-06 20:06:57.603622
101.55322265625,20331134683.42857,2017-09-06 20:07:58.803612
101.55322265625,20457442157.714283,2017-09-06 20:09:00.003612
101.55322265625,20353740214.85714,2017-09-06 20:09:57.603632
101.55322265625,20220517522.285713,2017-09-06 20:10:58.803773
101.55322265625,19849661001.142857,2017-09-06 20:12:00.003773
101.55322265625,19999396425.142857,2017-09-06 20:12:57.603802
101.55322265625,19818828068.571426,2017-09-06 20:13:58.803752
101.55322265625,19844937728.0,2017-09-06 20:15:00.003792
101.55322265625,19757436635.42857,2017-09-06 20:15:57.603741
101.55322265625,19587519341.714283,2017-09-06 20:16:58.803741
101.55322265625,19367163611.42857,2017-09-06 20:18:00.003801
101.55322265625,19348576256.0,2017-09-06 20:18:57.603730
101.55322265625,19314944000.0,2017-09-06 20:19:58.803720
101.55322265625,19591575552.0,2017-09-06 20:21:00.003730
101.55322265625,19589764827.42857,2017-09-06 20:21:57.603710
101.55322265625,19988587081.142857,2017-09-06 20:22:58.803699
101.55322265625,20236979638.85714,2017-09-06 20:24:00.003740
101.55322265625,20529627428.571426,2017-09-06 20:24:57.603689
101.55322265625,20636786102.85714,2017-09-06 20:25:58.803699
101.55322265625,20640427446.857143,2017-09-06 20:27:00.003699
101.55322265625,20220069595.42857,2017-09-06 20:27:57.603738
101.55322265625,19753718930.285713,2017-09-06 20:28:58.803839
101.55322265625,19311495460.571426,2017-09-06 20:30:00.003879
101.55322265625,19210804077.714287,2017-09-06 20:30:57.603838
101.55322265625,19198597997.714287,2017-09-06 20:31:58.803818
101.55322265625,19217486701.714283,2017-09-06 20:33:00.003808
101.55322265625,19162971574.857143,2017-09-06 20:33:57.603807
101.55322265625,19685320704.0,2017-09-06 20:34:58.803797
101.55322265625,19618258651.42857,2017-09-06 20:36:00.003838
101.55322265625,19388148004.571426,2017-09-06 20:36:57.603767
101.55322265625,18847016813.714283,2017-09-06 20:37:58.803777
101.55322265625,18603544722.285713,2017-09-06 20:39:00.003817
101.55322265625,18203423451.42857,2017-09-06 20:39:57.603756
101.55322265625,17979687936.0,2017-09-06 20:40:58.803756
101.55322265625,17037539474.285715,2017-09-06 20:42:00.003776
101.55322265625,16952043666.285715,2017-09-06 20:42:57.603745
101.55322265625,16958123300.57143,2017-09-06 20:43:58.803735
101.55322265625,17599928612.57143,2017-09-06 20:45:00.003795
101.55322265625,17852662930.285713,2017-09-06 20:45:57.603714
101.55322265625,18369692818.285713,2017-09-06 20:46:58.803785
101.55322265625,19108044214.857147,2017-09-06 20:48:00.003724
101.55322265625,19715965220.57143,2017-09-06 20:48:57.603714
101.55322265625,19744105033.142857,2017-09-06 20:49:58.803693
101.55322265625,19913409097.142857,2017-09-06 20:51:00.003724
101.55322265625,19714226761.142857,2017-09-06 20:51:57.603713
101.55322265625,18279872950.857147,2017-09-06 20:52:58.803683
101.55322265625,17884549558.857143,2017-09-06 20:54:00.003723
101.55322265625,17227959588.57143,2017-09-06 20:54:57.603722
101.55322265625,17323342848.0,2017-09-06 20:55:58.803662
101.55322265625,17431571163.42857,2017-09-06 20:57:00.003752
101.55322265625,17207427072.0,2017-09-06 20:57:57.603661
101.55322265625,17282005869.714287,2017-09-06 20:58:58.803641
101.55322265625,18209456859.42857,2017-09-06 21:00:00.003722
101.55322265625,18008399579.42857,2017-09-06 21:00:57.603630
101.55322265625,17808753225.142857,2017-09-06 21:01:58.803691
101.55322265625,17613632658.285713,2017-09-06 21:03:00.003661
101.55322265625,17750984118.857143,2017-09-06 21:03:57.603670
101.55322265625,17566138368.0,2017-09-06 21:04:58.803710
101.55322265625,17032996425.142857,2017-09-06 21:06:00.003801
101.55322265625,17320444635.42857,2017-09-06 21:06:57.603730
101.55322265625,17964679753.142857,2017-09-06 21:07:58.803730
101.55322265625,18059866404.571426,2017-09-06 21:09:00.003750
101.55322265625,18119992173.714287,2017-09-06 21:09:57.603719
101.55322265625,18411537261.714283,2017-09-06 21:10:58.803729
101.55322265625,19038491062.857143,2017-09-06 21:12:00.003749
101.55322265625,19497278610.285713,2017-09-06 21:12:57.603738
101.55322265625,20200217453.714283,2017-09-06 21:13:58.803738
101.55322265625,19811268315.42857,2017-09-06 21:15:00.003799
101.55322265625,20259818934.85714,2017-09-06 21:15:57.603738
101.55322265625,20224723821.714287,2017-09-06 21:16:58.803788
101.55322265625,20036299922.285713,2017-09-06 21:18:00.003798
101.55322265625,19611880594.285717,2017-09-06 21:18:57.603717
101.55322265625,19360188269.714287,2017-09-06 21:19:58.803727
101.55322265625,18634359808.0,2017-09-06 21:21:00.003797
101.55322265625,18941557467.42857,2017-09-06 21:21:57.603706
101.55322265625,19479301997.714287,2017-09-06 21:22:58.803797
101.55322265625,19428842496.0,2017-09-06 21:24:00.003887
101.55322265625,19025394834.285713,2017-09-06 21:25:58.803786
101.55322265625,19374023826.285713,2017-09-06 21:27:00.003856
101.55322265625,19830131712.0,2017-09-06 21:27:57.603745
101.55322265625,20160333092.571426,2017-09-06 21:28:58.803765
101.55322265625,19922768310.85714,2017-09-06 21:30:00.003846
101.55322265625,19354125604.571426,2017-09-06 21:30:57.603785
101.55322265625,19559035026.285713,2017-09-06 21:31:58.803765
101.55322265625,19807319186.285713,2017-09-06 21:33:00.003845
101.55322265625,19753909979.42857,2017-09-06 21:33:57.603754
101.55322265625,19586538934.857143,2017-09-06 21:34:58.803754
101.55322265625,19126669604.571426,2017-09-06 21:36:00.003814
101.55322265625,19153942235.42857,2017-09-06 21:36:57.603733
101.55322265625,19093096155.42857,2017-09-06 21:37:58.803723
101.55322265625,19259617279.999996,2017-09-06 21:39:00.003813
101.55322265625,19297293750.857143,2017-09-06 21:39:57.603742
101.55322265625,19538491392.0,2017-09-06 21:40:58.803783
101.55322265625,19808018432.0,2017-09-06 21:42:00.003732
101.55322265625,20108739145.142857,2017-09-06 21:42:57.603712
101.55322265625,19853969993.142853,2017-09-06 21:43:58.803701
101.55322265625,19304037083.42857,2017-09-06 21:45:00.003712
101.55322265625,19169613677.714283,2017-09-06 21:45:57.603721
101.55322265625,19449766619.42857,2017-09-06 21:46:58.803721
101.55322265625,19212652690.285713,2017-09-06 21:48:00.003731
101.55322265625,19030819254.857143,2017-09-06 21:49:58.803660
101.55322265625,18591983177.142857,2017-09-06 21:51:00.003740
101.55322265625,19102189714.285713,2017-09-06 21:51:57.603689
101.55322265625,19595777170.285713,2017-09-06 21:52:58.803720
101.55322265625,21015430582.857143,2017-09-06 21:54:00.003770
101.55322265625,21266912109.714287,2017-09-06 21:54:57.603669
101.55322265625,21825366601.142857,2017-09-06 21:55:58.803649
101.55322265625,22718885010.285713,2017-09-06 21:57:00.003940
101.55322265625,24421364589.714283,2017-09-06 21:57:57.603809
101.55322265625,24628064256.0,2017-09-06 21:58:58.803789
101.55322265625,25563243666.285713,2017-09-06 22:00:00.003909
101.55322265625,24924784347.42857,2017-09-06 22:00:57.603788
101.55322265625,25683584438.85714,2017-09-06 22:01:58.803848
101.55322265625,26139289307.42857,2017-09-06 22:03:00.003768
101.55322265625,27204303433.142857,2017-09-06 22:03:57.603888
101.55322265625,27866324406.85714,2017-09-06 22:04:58.803767
101.55322265625,27996712374.857143,2017-09-06 22:06:00.003797
101.55322265625,27571410943.999996,2017-09-06 22:06:57.603807
101.55322265625,27699902464.0,2017-09-06 22:07:58.803807
101.55322265625,27327803391.999996,2017-09-06 22:09:00.003847
101.55322265625,26837887268.571423,2017-09-06 22:09:57.603756
101.55322265625,25736678838.85714,2017-09-06 22:12:00.003766
101.55322265625,25264182418.28571,2017-09-06 22:12:57.603745
101.55322265625,26851762761.142857,2017-09-06 22:13:58.803715
101.55322265625,28817588516.57143,2017-09-06 22:15:00.003856
101.55322265625,30420615753.142857,2017-09-06 22:15:57.603775
101.55322265625,30964559579.42857,2017-09-06 22:16:58.803815
101.55322265625,32139705197.714283,2017-09-06 22:18:00.003785
101.55322265625,33298548736.0,2017-09-06 22:18:57.603744
101.55322265625,34142591268.571426,2017-09-06 22:21:00.003844
101.55322265625,35961034459.428566,2017-09-06 22:21:57.603763
101.55322265625,35485726427.42857,2017-09-06 22:22:58.803793
101.55322265625,37281684333.71429,2017-09-06 22:24:00.003793
101.55322265625,40771250761.14285,2017-09-06 22:24:57.603722
101.55322265625,44223629604.57143,2017-09-06 22:25:58.803712
101.55322265625,47696195584.0,2017-09-06 22:27:00.003823
101.55322265625,51337984877.71429,2017-09-06 22:27:57.603772
101.55322265625,52851534116.57143,2017-09-06 22:28:58.803792
101.55322265625,56704216502.85714,2017-09-06 22:30:00.003822
101.55322265625,59260931510.85714,2017-09-06 22:30:57.603701
101.55322265625,60933523163.428566,2017-09-06 22:31:58.803681
101.55322265625,60982749476.57143,2017-09-06 22:33:00.003731
101.55322265625,59713662975.99999,2017-09-06 22:33:57.603660
101.55322265625,58604551606.85713,2017-09-06 22:34:58.803750
101.55322265625,57985321837.71429,2017-09-06 22:36:00.003771
101.55322265625,56711387428.57142,2017-09-06 22:36:57.603699
101.55322265625,53697743140.57143,2017-09-06 22:37:58.803699
101.55322265625,50807053750.85714,2017-09-06 22:39:00.003840
101.55322265625,49721490285.71428,2017-09-06 22:39:57.603669
101.55322265625,49662521929.14285,2017-09-06 22:40:58.803679
101.55322265625,49539263341.71429,2017-09-06 22:42:00.003749
101.55322265625,49496220233.14285,2017-09-06 22:42:57.603668
101.55322265625,50807269668.57143,2017-09-06 22:43:58.803638
101.55322265625,54308044800.0,2017-09-06 22:45:00.003668
101.55322265625,59009564672.0,2017-09-06 22:45:57.603627
101.55322265625,64375685120.0,2017-09-06 22:46:58.803627
101.55322265625,68577365430.85714,2017-09-06 22:48:00.003637
101.55322265625,70023290294.85713,2017-09-06 22:48:57.603606
101.55322265625,71210244388.57143,2017-09-06 22:49:58.803606
101.55322265625,71952053394.2857,2017-09-06 22:51:57.603656
101.55322265625,70649208832.0,2017-09-06 22:54:00.003726
101.55322265625,67845046272.00001,2017-09-06 22:54:57.603625
101.55322265625,64488239689.14286,2017-09-06 22:55:58.803625
101.55322265625,61402170514.28571,2017-09-06 22:57:00.003645
101.55322265625,59653917549.71428,2017-09-06 22:57:57.603614
101.55322265625,62574305865.142845,2017-09-06 22:58:58.803624
101.55322265625,61301340452.57143,2017-09-06 23:00:00.003644
101.55322265625,61271380553.14285,2017-09-06 23:00:57.603614
101.55322265625,64938750537.14286,2017-09-06 23:01:58.803614
101.55322265625,67009979538.28571,2017-09-06 23:03:00.003644
101.55322265625,65964365531.42857,2017-09-06 23:03:57.603643
101.55322265625,66270386468.571434,2017-09-06 23:04:58.803613
101.55322265625,64266271012.57143,2017-09-06 23:06:00.003653
101.55322265625,66127778377.14286,2017-09-06 23:06:57.603622
101.55322265625,67303728274.285706,2017-09-06 23:07:58.803622
101.55322265625,65567299291.428566,2017-09-06 23:09:00.003894
101.55322265625,64228497115.428566,2017-09-06 23:09:57.603783
101.55322265625,75980451254.85715,2017-09-06 23:10:58.803803
101.55322265625,80986939392.0,2017-09-06 23:12:00.003793
101.55322265625,81056635172.57143,2017-09-06 23:12:57.603772
101.55322265625,80821068946.28572,2017-09-06 23:13:58.803762
101.55322265625,81117638070.85713,2017-09-06 23:15:00.003862
101.55322265625,81132960621.71428,2017-09-06 23:15:57.603761
101.55322265625,81901841846.85713,2017-09-06 23:16:58.803751
101.55322265625,72655313773.71428,2017-09-06 23:18:00.003761
101.55322265625,68850800347.42857,2017-09-06 23:18:57.603740
101.55322265625,66899498715.42857,2017-09-06 23:19:58.803730
101.55322265625,63986023862.85714,2017-09-06 23:21:00.003781
101.55322265625,61009354166.85715,2017-09-06 23:21:57.603730
101.55322265625,58060017663.99999,2017-09-06 23:22:58.803720
101.55322265625,55005834678.85714,2017-09-06 23:24:00.003800
101.55322265625,53043449270.85714,2017-09-06 23:24:57.603699
101.55322265625,51572280758.85715,2017-09-06 23:25:58.803689
101.55322265625,49183668516.57143,2017-09-06 23:27:00.003789
101.55322265625,49377545654.85713,2017-09-06 23:27:57.603688
101.55322265625,48606861604.57143,2017-09-06 23:28:58.803738
101.55322265625,47856533504.0,2017-09-06 23:30:00.003708
101.55322265625,46676461275.428566,2017-09-06 23:30:57.603657
101.55322265625,45663818313.14285,2017-09-06 23:31:58.803687
101.55322265625,45089374793.14285,2017-09-06 23:33:00.003677
101.55322265625,46208437101.71429,2017-09-06 23:33:57.603647
101.55322265625,46045763291.428566,2017-09-06 23:36:00.003737
101.55322265625,47218037906.285706,2017-09-06 23:36:57.603656
101.55322265625,47959781961.14285,2017-09-06 23:37:58.803676
101.55322265625,50115423670.85715,2017-09-06 23:39:00.003716
101.55322265625,52106929883.428566,2017-09-06 23:39:57.603706
101.55322265625,53806987556.57143,2017-09-06 23:40:58.803756
101.55322265625,55331065270.85714,2017-09-06 23:42:00.003816
101.55322265625,57064139044.57143,2017-09-06 23:42:57.603755
101.55322265625,59010549467.42856,2017-09-06 23:43:58.803815
101.55322265625,61898375753.142845,2017-09-06 23:45:00.003926
101.55322265625,65889863387.42856,2017-09-06 23:45:57.603855
101.55322265625,77808663990.85713,2017-09-06 23:46:58.803895
101.55322265625,90786272987.42857,2017-09-06 23:48:00.003996
101.55322265625,100225245769.14285,2017-09-06 23:48:57.603965
101.55322265625,109958380982.85715,2017-09-06 23:49:58.803985
101.55322265625,128617287094.85712,2017-09-06 23:51:00.004136
101.55322265625,143069073993.14285,2017-09-06 23:51:57.604055
101.55322265625,154643673673.14285,2017-09-06 23:52:58.804105
101.55322265625,164849019172.5714,2017-09-06 23:54:00.004105
101.55322265625,182229398089.14285,2017-09-06 23:55:58.804135
101.55322265625,172078567424.0,2017-09-06 23:57:00.004195
101.55322265625,160678891520.0,2017-09-06 23:58:58.804134
101.55322265625,139736989696.0,2017-09-07 00:00:00.004255
104.998046875,122497088950.85715,2017-09-06 07:36:57.603850
104.9267578125,105951694848.0,2017-09-06 07:39:57.603769
104.97607421875,82707357695.99998,2017-09-06 07:42:00.003910
104.939453125,50683112886.85714,2017-09-06 07:42:57.603779
104.97802734375,50879598592.0,2017-09-06 07:54:57.603796
104.9697265625,52867266852.57143,2017-09-06 08:01:58.803785
104.9970703125,57574471387.428566,2017-09-06 08:07:58.803783
104.751953125,61711517403.428566,2017-09-06 08:58:58.803701
104.8203125,65574785023.99999,2017-09-06 09:01:58.803640
104.99560546875,69164783323.42856,2017-09-06 09:27:00.003796
104.9931640625,73410949705.14285,2017-09-06 09:30:57.603775
104.970703125,77916254793.14285,2017-09-06 10:00:57.603647
104.9638671875,79679135743.99998,2017-09-06 10:27:57.603691
104.9912109375,80610919570.2857,2017-09-06 10:30:57.603701
104.88330078125,80892503186.2857,2017-09-06 10:36:00.003781
104.91650390625,82645399259.42857,2017-09-06 10:39:00.003770
103.94775390625,82880074313.14285,2017-09-06 10:54:57.603756
104.99658203125,83455378578.2857,2017-09-06 11:24:57.603769
104.96142578125,87210501266.2857,2017-09-06 11:27:57.603769
104.994140625,90992043154.2857,2017-09-06 11:30:57.603788
104.99951171875,89550892470.85715,2017-09-06 11:31:58.803858
105.0,87533044882.28572,2017-09-06 12:45:57.603620
104.98876953125,84020273737.14285,2017-09-06 13:36:57.603559
104.98193359375,84344228717.7143,2017-09-06 14:13:58.803712
104.990234375,85711589376.0,2017-09-06 14:49:58.803854
104.99169921875,78303021348.57143,2017-09-06 14:51:00.003995
104.962890625,73211680475.42857,2017-09-06 15:06:00.003750
104.994140625,74858707821.71428,2017-09-06 15:15:57.603597
104.9658203125,73487034660.57143,2017-09-06 15:36:00.003864
105.0,68079045193.14285,2017-09-06 15:51:57.603659
103.65087890625,58788552265.14286,2017-09-06 16:25:58.803762
104.94921875,51595411017.14286,2017-09-06 16:34:58.803841
104.99560546875,46106483712.00001,2017-09-06 18:54:00.003760
104.84130859375,40327737490.285706,2017-09-06 20:02:16.803637
104.95703125,33949438683.42857,2017-09-06 20:03:50.403642
104.9873046875,33388779373.714287,2017-09-06 21:24:57.603786
104.9931640625,37375392475.428566,2017-09-06 21:48:57.603700
104.7548828125,43416655579.428566,2017-09-06 22:10:58.803726
104.9873046875,45586709942.85714,2017-09-06 22:19:58.803754
104.9765625,64580550070.85715,2017-09-06 22:51:00.003747
104.88330078125,89013373220.57143,2017-09-06 22:52:58.803646
104.71630859375,82224370834.2857,2017-09-06 23:34:58.803687
104.98095703125,74322217837.71428,2017-09-06 23:54:57.604145
104.916015625,66303315382.85714,2017-09-06 23:57:57.604184
