v,v_e,gflg,slist,bmnum,p_l,w_l,elv,phi0,time,tfreq,scan,rsep,frang,gdlat,glong,sza,tau_l
-18.320497512817383,60.98130416870117,0,17,4,5.660914421081543,486.11865234375,35.475799560546875,-2.7466044425964355,2017-08-12 11:00:13.660065,13.0,0,45,180,59.53001363477794,-103.9893875185571,91.47484767902353,7.5501433434197445
-198.67784118652344,1134.590087890625,0,18,4,5.363152980804443,2533.923583984375,34.44605255126953,-3.0365052223205566,2017-08-12 11:00:13.660065,13.0,0,45,180,59.93767251142776,-103.79979743825152,91.17165807474142,1.4484515359118157
68.92401885986328,191.6584014892578,0,21,4,3.4566574096679688,784.5140380859375,36.29830551147461,-2.509554862976074,2017-08-12 11:00:13.660065,13.0,0,45,180,61.149195560863895,-103.21306512117673,89.75513235905561,4.678393666555768
-6.960375785827637,41.870750427246094,0,15,7,5.018503665924072,427.10455322265625,4.12783145904541,-2.108961820602417,2017-08-12 11:00:23.901435,13.0,0,45,180,58.34610594877178,-102.143486758737,91.2878492206644,8.59336544041003
-337.3077392578125,563.8551635742188,0,17,11,4.295312881469727,1543.0421142578125,33.70907974243164,2.9575347900390625,2017-08-12 11:00:37.939313,13.1,0,45,180,58.1736354338017,-98.55930625254356,89.27877017479975,2.3604334447539403
27.178613662719727,168.7849578857422,0,21,11,2.0897014141082764,746.8302612304688,33.76871871948242,2.97385835647583,2017-08-12 11:00:37.939313,13.1,0,45,180,59.45407296287178,-96.50708239733274,87.89080175570568,4.876942462343513
-1.154388427734375,44.28849029541016,0,3,14,2.75361967086792,441.8382568359375,33.978214263916016,-1.6034808158874512,2017-08-12 11:00:48.278086,13.1,0,45,180,53.66702166998037,-103.71054114871689,94.47227949934576,8.24339711830432
-32.17439651489258,120.74673461914062,0,8,14,3.30709171295166,830.7085571289062,34.37997817993164,-1.4837918281555176,2017-08-12 11:00:48.278086,13.1,0,45,180,55.16124752304815,-101.1633328691379,92.42664781717905,4.384507878125518
869.0297241210938,1620.8182373046875,0,40,6,5.7656121253967285,2378.626953125,34.713096618652344,0.4622097909450531,2017-08-12 11:01:21.031328,10.7,0,45,180,67.8853705155505,-93.62597555918956,83.2402522986575,1.874695431976245
3.3352742195129395,6.241456031799316,0,11,7,1.5777710676193235,89.7418441772461,37.665470123291016,1.0144970417022705,2017-08-12 11:01:24.452988,10.8,0,45,180,57.2164660778882,-103.01980549626964,92.16713333276716,49.22912187711432
1.5147615671157837,42.83366775512695,0,8,13,2.3919410705566406,442.8521118164063,39.87752151489258,3.005448818206787,2017-08-12 11:01:45.217816,10.7,0,45,180,55.34587970980512,-101.48237956040242,92.37275536481616,10.069278127881363
-3.591254949569702,5.588171482086182,0,11,13,2.437190055847168,81.1650390625,35.342559814453125,1.8264583349227903,2017-08-12 11:01:45.217816,10.7,0,45,180,56.14123989271696,-100.09333582287064,91.29730443759534,54.93992407205356
-20.690587997436523,30.847320556640625,0,12,2,4.602887153625488,300.0258483886719,37.38448715209961,-1.2139692306518557,2017-08-12 11:02:06.871254,13.1,0,45,180,57.87946879099105,-105.94063169996596,93.03353959891976,12.139781397900022
67.43751525878906,107.4627914428711,0,10,7,4.6639580726623535,705.186279296875,38.573516845703125,-2.4949753284454346,2017-08-12 11:02:24.231390,13.0,0,45,180,56.92975595907609,-103.23303229465212,92.30319958961933,5.204675154435616
-240.4545745849609,1998.177978515625,0,56,7,3.468758106231689,3561.75830078125,37.06225204467773,-2.937077522277832,2017-08-12 11:02:24.231390,13.0,0,45,180,72.51029395487862,-79.64862882168907,77.37333364130421,1.0304645057752206
1.359594225883484,8.566925048828125,0,3,11,5.901394844055176,164.00503540039062,36.238468170166016,-2.8400957584381104,2017-08-12 11:02:38.096587,13.2,0,45,180,53.95517906295759,-104.2744891628904,94.3696703278254,22.03990514583762
-3.529165506362915,35.04582977294922,0,6,12,3.480628252029419,395.3262939453125,35.068973541259766,-2.4900546073913574,2017-08-12 11:02:41.605667,13.1,0,45,180,54.87466507668772,-102.73622383498622,93.11535834863427,9.21327083207327
-1.0154629945755005,12.395153045654297,0,20,2,2.358365774154663,106.41382598876952,41.97796249389648,-2.415160894393921,2017-08-12 11:03:06.874432,10.6,0,45,180,60.89518892848392,-105.5012784608739,91.04593183300582,42.299663378545425
-0.9451449513435364,21.91193389892578,0,9,15,4.9220781326293945,317.4729919433594,23.686826705932617,0.4452602863311767,2017-08-12 11:03:52.039380,10.7,0,45,180,55.23067595947979,-100.3163091644084,91.59497643849951,14.04592263456093
-14.240456581115724,25.79450035095215,0,11,0,2.7785818576812744,330.4332580566406,36.15263748168945,-0.1878332942724228,2017-08-12 11:04:00.041769,13.1,1,45,180,57.58423485362041,-107.14931383060292,93.52552096142952,11.022644132672752
-18.952363967895508,92.4685516357422,0,17,0,2.5953729152679443,590.270263671875,31.27805519104004,-1.6771550178527832,2017-08-12 11:04:00.041769,13.1,1,45,180,59.64230470863304,-107.5331812196183,92.49805891447006,6.170475521671644
-264.2902526855469,1076.8138427734375,0,16,1,3.3828604221343994,2008.235107421875,34.13404846191406,-1.868211388587952,2017-08-12 11:04:03.554846,13.3,0,45,180,59.241440256285685,-106.66993668301812,92.36403171060178,1.7863832526768073
5.045062065124512,72.95088958740234,0,18,2,2.2977797985076904,555.299560546875,37.51496505737305,-1.195913553237915,2017-08-12 11:04:07.073769,13.1,0,45,180,60.06718811855378,-105.66652487132026,91.4735604352208,6.559069143816682
1.0415387153625488,5.6890130043029785,0,0,6,4.438449859619141,87.53569793701172,38.86568069458008,-2.546945571899414,2017-08-12 11:04:21.027877,13.2,0,45,180,52.90589572575243,-106.15482374003892,95.66903312694762,41.293500924221306
-21.893022537231445,37.179237365722656,0,1,6,5.89168119430542,415.1026306152344,14.615285873413086,-1.5142148733139038,2017-08-12 11:04:21.027877,13.2,0,45,180,53.40927705792359,-105.87148880823646,95.24780276841956,8.70785959199289
28.319982528686523,116.3975601196289,0,8,6,6.453622341156006,864.2979125976562,39.2852783203125,-2.4185678958892822,2017-08-12 11:04:21.027877,13.2,0,45,180,56.2734116727643,-104.22645852811296,92.88998938492855,4.182186918397692
-0.2698324620723724,9.13536262512207,0,12,8,2.206303358078003,116.9117202758789,37.15835571289063,-2.9928760528564453,2017-08-12 11:04:28.054375,13.1,0,45,180,57.34484593062485,-102.23581264876596,91.38655426760874,31.15383303370514
-5.858831882476807,10.430556297302246,0,1,9,5.347940921783447,174.57025146484375,19.538042068481445,-0.9381376504898072,2017-08-12 11:04:31.566952,13.3,0,45,180,53.29378217011302,-105.40263826838252,95.05629920715664,20.550337375543734
2.68487286567688,4.312114715576172,0,7,0,10.347834587097168,83.36293029785156,38.04196548461914,-2.336061477661133,2017-08-12 11:05:00.003988,10.6,1,45,180,56.05860836100607,-106.9676868275663,94.20500260553204,53.996050787385364
-1.7500524520874023,4.438023567199707,0,3,11,19.67820167541504,102.6561279296875,41.48423767089844,2.573611259460449,2017-08-12 11:05:38.062666,10.7,0,45,180,53.95517906295759,-104.2744891628904,93.9978732241898,43.43823572279351
-26.68205451965332,123.81053924560548,0,19,4,3.910661458969116,768.7626953125,33.49908828735352,2.620025634765625,2017-08-12 11:06:13.869015,13.3,0,45,180,60.34324946718191,-103.6074425853435,89.73141175950197,4.666560416121319
-0.3800157904624939,18.383249282836918,0,3,7,4.266197204589844,262.90509033203125,39.11809158325195,-2.645622968673706,2017-08-12 11:06:24.308541,13.2,0,45,180,54.22949228957211,-105.1523064303417,94.18995647590076,13.748898581991266
50.33131790161133,91.7310791015625,0,10,12,7.584433555603027,734.5928955078125,33.463958740234375,-2.883779287338257,2017-08-12 11:06:41.653459,13.0,0,45,180,56.13614443517864,-100.89891153158445,91.09205983977128,4.996325896356708
-850.0458984375,2693.925048828125,0,18,12,3.7979605197906494,3420.04541015625,34.83687973022461,-2.4979305267333984,2017-08-12 11:06:41.653459,13.0,0,45,180,58.18392495377282,-97.3918547618015,88.14621356008217,1.0731627995950086
-5.134146690368652,7.862493991851807,0,17,9,2.648372173309326,100.51424407958984,39.2418098449707,1.538792848587036,2017-08-12 11:07:31.029144,10.7,0,45,180,58.69823759937257,-99.94828800136474,88.92543605817926,44.36387224748064
-16.845169067382812,52.9608154296875,0,11,3,3.03004789352417,489.2966918945313,34.81282424926758,-2.52446722984314,2017-08-12 11:08:10.258511,13.0,0,45,180,57.55336042563604,-105.33582412804476,92.27226079717524,7.5011042745747245
27.19304656982422,44.02128601074219,0,9,7,8.969846725463867,496.19866943359375,37.424354553222656,-2.834184169769287,2017-08-12 11:08:24.195129,13.0,0,45,180,56.56465892728013,-103.5079439508614,91.92303597958856,7.396766120503537
0.0912019163370132,8.205506324768066,0,11,8,7.649374008178711,150.42416381835938,37.56688690185547,-2.874135971069336,2017-08-12 11:08:27.708206,13.1,0,45,180,57.08203473756653,-102.47699799027409,91.16719043481136,24.21318570569599
77.94329833984375,157.61312866210938,0,7,11,3.49462890625,1003.0546875,37.558570861816406,-2.371954917907715,2017-08-12 11:08:38.144742,13.2,0,45,180,55.34420062628309,-102.60896279806688,92.08359587789032,3.6036474069758535
-15.88312816619873,35.849124908447266,0,16,2,5.45756721496582,396.3330383300781,6.304704666137695,-2.3813400268554688,2017-08-12 11:09:06.875635,10.7,0,45,180,59.23124153581296,-105.83153558993276,91.47768328696638,11.251146516040015
4.530763149261475,86.03062438964844,0,6,14,3.061054229736328,635.8231201171875,30.90693664550781,-2.4912109375,2017-08-12 11:10:48.110750,13.1,0,45,180,54.5823115807632,-102.19436360749005,91.98614500655287,5.728398508828485
2.966075897216797,27.27467918395996,0,25,6,1.4245164394378662,202.23851013183597,25.806331634521484,-1.3100159168243408,2017-08-12 11:11:20.920509,10.7,0,45,180,62.36208289075661,-99.80280797784316,86.90085609372589,22.049218422802518
70.94644927978516,156.78945922851562,0,11,9,3.6459298133850098,1049.322265625,30.1964168548584,-0.544196367263794,2017-08-12 11:11:31.260641,10.8,0,45,180,56.928682090915146,-101.95353182290228,90.05825267120552,4.210252969184107
-5.427237987518311,8.802924156188965,0,5,11,1.606093406677246,120.88631439208984,23.36034202575684,-1.0513556003570557,2017-08-12 11:11:38.282651,10.6,0,45,180,54.6622133494164,-103.44809329786146,92.47130488776578,37.235555081515486
64.9826889038086,192.1723480224609,0,34,6,4.054188251495361,692.74169921875,36.84757232666016,-2.914451360702514,2017-08-12 11:12:21.114555,13.0,0,45,180,65.71104807978341,-96.39971672598138,84.10563263591077,5.29817320257253
-27.37303924560547,164.1059112548828,0,38,6,5.112118244171143,745.9465942382812,37.34128189086914,-2.7714993953704834,2017-08-12 11:12:21.114555,13.0,0,45,180,67.16614287899803,-94.60474497189205,82.90052399101283,4.920279193516809
-267.8648681640625,876.7161865234375,0,43,6,7.959008693695068,2276.963134765625,37.69907379150391,-2.666879177093506,2017-08-12 11:12:21.114555,13.0,0,45,180,68.95273823730334,-92.04126703984808,81.392873287326,1.611912573842849
5.142452716827393,10.190503120422363,0,1,9,16.611875534057617,216.3492889404297,26.109325408935547,0.6412856578826904,2017-08-12 11:12:31.553237,13.1,0,45,180,53.29378217011302,-105.40263826838252,94.04882177976828,16.83503667146713
-3.706340789794922,5.745131015777588,0,6,12,2.4734883308410645,86.26702117919922,8.26364803314209,-1.0557653903961182,2017-08-12 11:12:42.104160,13.1,0,45,180,54.87466507668772,-102.73622383498622,91.87650751015754,42.22063267482097
5.060762882232666,7.28158712387085,0,10,1,1.4932687282562256,88.09133911132812,35.954715728759766,2.482881784439087,2017-08-12 11:13:03.450903,10.8,0,45,180,57.28620609243561,-106.5061956398041,92.39397816323569,50.15149308713969
20.557411193847656,358.1515197753906,0,19,2,4.704362392425537,1557.141845703125,40.81195831298828,-2.976118564605713,2017-08-12 11:13:06.867076,10.7,0,45,180,60.48202605853694,-105.58406141760736,89.76142725871229,2.8637089778969145
2.651278257369995,6.6408233642578125,0,3,6,4.977699279785156,104.93628692626952,39.15495300292969,-2.5926506519317627,2017-08-12 11:14:20.636542,13.3,0,45,180,54.27677546394092,-105.38902328170256,93.30029884593976,34.18719747399378
-17.26810073852539,46.24337768554688,0,4,7,12.756675720214844,503.5124816894531,11.243881225585938,-2.0661633014678955,2017-08-12 11:14:24.143477,13.2,0,45,180,54.631559499634925,-104.88249672450289,92.85769978899988,7.178879481867003
-29.258028030395508,82.91862487792969,0,11,3,3.944507837295532,667.52490234375,35.22603225708008,-2.464151382446289,2017-08-12 11:16:10.449981,13.1,0,45,180,57.55336042563604,-105.33582412804476,91.36153921427038,5.456348070865455
-2.954687118530273,6.1306986808776855,0,4,12,1.9240680932998655,84.94132232666016,31.990602493286133,2.7025208473205566,2017-08-12 11:16:41.650978,13.2,0,45,180,54.21053464553649,-103.63182775162991,92.15134041011574,42.55473454679001
-683.0799560546875,1412.853271484375,0,17,5,3.200524091720581,2659.38916015625,34.378868103027344,0.5840116143226624,2017-08-12 11:17:17.183451,10.7,0,45,180,59.42276997954118,-103.13129127326636,88.91654552299134,1.6767764380663324
12.11611270904541,277.8560791015625,0,19,6,3.0145931243896484,1274.3924560546875,23.535402297973636,-1.6339911222457886,2017-08-12 11:17:20.595128,10.7,0,45,180,60.0659436387716,-101.70665822572568,88.05902740874264,3.4990799437121396
-6.404091358184815,13.130281448364258,0,9,8,3.773880004882813,196.3789825439453,34.13127517700195,0.2004547715187072,2017-08-12 11:17:27.433321,10.8,0,45,180,56.44981331861975,-103.04289502870004,90.09383962124824,22.49686869362417
625.7916870117188,4507.7861328125,0,16,9,3.5351037979125977,4547.44970703125,22.67686653137207,-1.810787320137024,2017-08-12 11:17:30.849993,10.7,0,45,180,58.33883560986844,-100.3678014276048,88.20223298302518,0.9805938208627599
170.50491333007812,1252.2127685546875,0,41,9,4.270167350769043,2976.388427734375,22.81698036193848,-1.7894350290298462,2017-08-12 11:17:30.849993,10.7,0,45,180,66.52919197494036,-86.96014049191751,79.7921248176674,1.4981919167026707
-111.4642333984375,209.46263122558597,0,17,2,2.8898751735687256,990.5184326171876,33.970394134521484,-2.5393052101135254,2017-08-12 11:18:07.056649,13.2,0,45,180,59.65038114169153,-105.74891835702584,89.7375123129884,3.6492560911901077
6.044181346893311,19.17352294921875,0,11,3,2.6488404273986816,263.84783935546875,3.6137754917144775,-1.3174972534179688,2017-08-12 11:18:10.570225,13.1,0,45,180,57.55336042563604,-105.33582412804476,91.13111810355636,13.804351106513918
-4.289956092834473,22.9180850982666,0,8,13,2.903462171554565,279.35858154296875,36.40814971923828,-1.5637491941452026,2017-08-12 11:18:45.407213,13.1,0,45,180,55.34587970980512,-101.48237956040242,89.74562117013005,13.037896287419933
-5.90740966796875,9.063891410827637,0,6,15,4.969900608062744,160.4588165283203,18.49299049377441,1.4393439292907717,2017-08-12 11:18:52.424727,13.2,0,45,180,54.42185422655464,-101.94889500802064,90.90837557177446,22.526997904327548
-20.595338821411133,44.37638092041016,0,11,8,2.7761101722717285,461.8225402832031,25.74012565612793,-0.9785231947898864,2017-08-12 11:19:27.635168,10.5,0,45,180,57.08203473756653,-102.47699799027409,89.40563119803859,9.83957657005162
215.6510467529297,3004.598876953125,0,18,13,4.167978286743164,4555.06396484375,25.385072708129883,-0.275347352027893,2017-08-12 11:19:45.034265,10.7,0,45,180,57.845567679254565,-96.77285518443514,86.51693680837383,0.9789546574571479
4.165053844451904,11.317120552062988,0,7,9,2.3565120697021484,180.2806854248047,38.131439208984375,-2.8703901767730717,2017-08-12 11:20:31.329099,13.3,0,45,180,55.59869781258342,-103.31074765138652,90.8388236462217,19.899400509170956
-47.23258209228516,159.3382568359375,0,6,15,2.500519037246704,1000.1135864257812,16.027170181274414,1.0706175565719604,2017-08-12 11:20:52.008004,13.2,0,45,180,54.42185422655464,-101.94889500802064,90.07277101804918,3.6142448945048855
-244.89309692382807,562.3827514648438,0,21,3,2.378410577774048,1750.2821044921875,33.01342010498047,0.8584837317466736,2017-08-12 11:21:10.459065,10.7,0,45,180,61.24761766313826,-104.30770899261032,88.1970120638566,2.5477042083411847
10.369185447692873,14.859383583068848,0,15,0,2.39306378364563,220.3517303466797,36.01768493652344,-0.1823861896991729,2017-08-12 11:22:00.021064,13.0,1,45,180,58.79661463561164,-107.4891171384011,91.03112254685462,16.656395215644128
-6.654572486877441,76.84271240234375,0,16,1,4.194110870361328,543.4681396484375,1.475441575050354,-0.750929057598114,2017-08-12 11:22:03.432242,13.2,0,45,180,59.241440256285685,-106.66993668301812,89.8913189066231,6.651089843100323
35.44202423095703,240.02182006835935,0,16,6,6.805765628814697,1173.596435546875,8.531233787536621,-2.206256628036499,2017-08-12 11:22:20.792526,13.2,0,45,180,58.89068876774012,-102.58050656397644,88.40206590135648,3.0799815968936417
-470.1354675292969,2784.849609375,0,19,6,6.794511795043945,3741.86865234375,11.182851791381836,-1.9856308698654173,2017-08-12 11:22:20.792526,13.2,0,45,180,60.0659436387716,-101.70665822572568,87.54109900684011,0.9660027541053001
23.55815696716309,47.88973617553711,0,8,8,7.0364861488342285,483.4414367675781,38.4773063659668,-2.6055502891540527,2017-08-12 11:22:27.696652,13.1,0,45,180,56.07947586399987,-103.36530702704248,89.86250568413435,7.534000886459052
793.653076171875,1855.9471435546875,0,18,9,5.807833671569824,3040.67431640625,15.348234176635742,-1.5210940837860107,2017-08-12 11:22:31.107183,13.2,0,45,180,59.05419876006237,-99.5221848980541,86.99173381121253,1.1887677033219672
-181.6603546142578,260.9191589355469,0,21,9,2.983257293701172,852.531005859375,13.987526893615724,-1.6885915994644165,2017-08-12 11:22:31.107183,13.2,0,45,180,60.10400592800353,-98.19972738892083,85.99412869045959,4.239910805379655
3.071240186691284,5.484503269195557,0,4,9,25.384349822998047,109.07866668701172,43.35799026489258,2.5510735511779785,2017-08-12 11:23:31.247726,10.8,0,45,180,54.49105475229161,-104.35413324227108,91.5146617885904,40.502073582869556
36.8441276550293,498.4593811035156,0,19,3,3.2541425228118896,1632.5760498046875,33.25947570800781,2.9704744815826416,2017-08-12 11:24:10.367311,13.3,0,45,180,60.4302981458228,-104.58914180295194,88.37550921304357,2.197433659378522
0.927309274673462,49.16476440429688,0,5,7,10.153039932250977,520.0156860351562,1.412715196609497,-2.5862460136413574,2017-08-12 11:24:24.400333,13.2,0,45,180,55.02608131383325,-104.61286285776634,91.27788181126498,6.951050748534492
-12.557808876037598,66.60497283935547,0,5,9,10.93858528137207,619.8259887695312,38.0332260131836,-2.545421838760376,2017-08-12 11:24:31.226038,13.0,0,45,180,54.86529288669741,-104.00945681799033,91.0347200837716,5.9214450081247705
-3.047806739807129,15.012749671936035,0,16,9,2.093147993087769,181.28961181640625,37.94573593139648,-2.571250915527344,2017-08-12 11:24:31.226038,13.0,0,45,180,58.33883560986844,-100.3678014276048,87.43092232710202,20.245316156461598
-7.007088661193848,23.84209251403809,0,5,13,6.822324275970459,320.36199951171875,11.301743507385254,-0.6137003302574158,2017-08-12 11:24:44.884080,13.2,0,45,180,54.41988627600509,-102.93697029533296,90.08168815481508,11.283034283634278
-35.55188751220703,86.42945098876953,0,8,15,4.66078519821167,673.7883911132812,30.446765899658203,-2.1286563873291016,2017-08-12 11:24:51.802693,13.2,0,45,180,54.9655629952001,-100.86610617629478,88.94082499215043,5.364674534822363
13.170022010803224,37.10347366333008,0,17,3,5.163201332092285,342.27691650390625,30.15003204345703,0.2665806710720062,2017-08-12 11:25:10.245114,10.7,0,45,180,59.60607035280778,-104.86355054540628,88.74380297905013,13.02805088039912
485.4089965820313,860.4434814453125,0,19,3,3.856128454208374,2073.68896484375,29.78323173522949,0.1915104985237121,2017-08-12 11:25:10.245114,10.7,0,45,180,60.4302981458228,-104.58914180295194,88.27650990718887,2.1503712268319886
315.9324645996094,611.8593139648438,0,22,3,3.356895446777344,1994.92822265625,30.87358856201172,0.417179137468338,2017-08-12 11:25:10.245114,10.7,0,45,180,61.6542443760713,-104.16368462265874,87.5701574534851,2.2352689348700365
2.247120857238769,25.344783782958984,0,18,4,5.275263786315918,267.92413330078125,33.44717025756836,0.6189141869544983,2017-08-12 11:25:13.655784,10.7,0,45,180,59.93767251142776,-103.79979743825152,88.16525601451639,16.643521538961004
4.839922428131104,8.716801643371582,0,13,8,2.2852470874786377,107.85381317138672,41.50111389160156,1.940592646598816,2017-08-12 11:25:27.610393,10.8,0,45,180,57.59512930530594,-102.0025150715942,88.35281672694146,40.962039770057096
-19.00075912475586,66.9052505493164,0,9,5,8.19989013671875,631.371337890625,2.3118908405303955,-2.314526081085205,2017-08-12 11:26:17.200864,13.2,0,45,180,56.74400632513299,-104.47720728010036,89.66363969174019,5.725086342596267
-14.36078643798828,92.13192749023438,0,15,5,4.74181604385376,725.5479736328125,6.091102123260498,-2.1791040897369385,2017-08-12 11:26:17.200864,13.2,0,45,180,58.6137565694309,-103.6037491127762,88.5345396735204,4.981966120814591
-7.255717277526855,32.5208625793457,0,0,7,5.178203105926514,365.0665283203125,21.50294685363769,-0.6495717167854309,2017-08-12 11:26:24.042053,13.2,0,45,180,52.88373840266156,-106.02947537992291,92.78734738301988,9.901360829478238
-32.608097076416016,49.30842590332031,0,7,13,2.406644582748413,492.1799926757813,36.99807357788086,-1.3564292192459106,2017-08-12 11:26:44.806521,13.1,0,45,180,55.04179854173685,-101.97249737147646,89.20186365081408,7.400236229344793
-22.953123092651367,74.77090454101562,0,8,8,7.122127056121826,647.015625,38.56859970092773,-2.578317165374756,2017-08-12 11:28:27.567981,13.1,0,45,180,56.07947586399987,-103.36530702704248,89.22726228360102,5.629304876768581
11.826244354248049,19.968006134033203,0,6,9,5.691086292266846,305.1978759765625,6.354583263397217,-2.334993839263916,2017-08-12 11:28:31.082408,13.2,0,45,180,55.23404285633036,-103.66204799411037,89.67817355295021,11.843645412335489
-42.12891006469727,84.58521270751953,0,8,9,6.6984944343566895,678.7579345703125,11.574524879455566,-1.939886212348938,2017-08-12 11:28:31.082408,13.2,0,45,180,55.96011616743522,-102.9547605298667,89.08747091325779,5.325396933963809
-1.768152952194214,5.081781387329102,0,2,13,16.820688247680664,109.22337341308594,11.641324043273926,-0.3161661326885223,2017-08-12 11:28:45.028517,13.1,0,45,180,53.42689496561332,-104.36491792068574,91.34148870626896,33.34678374547986
-26.799802780151367,60.566368103027344,0,9,11,2.6685914993286133,524.0399169921875,40.28230667114258,2.2688989639282227,2017-08-12 11:29:38.018833,10.7,0,45,180,56.01095587346386,-101.74867383212543,88.39550369784058,8.509277516478749
-6.980914115905762,17.57901382446289,0,6,15,1.8751676082611084,248.3117828369141,12.941325187683104,-0.9865757822990416,2017-08-12 11:29:51.768792,10.7,0,45,180,54.42185422655464,-101.94889500802064,89.07047890520815,17.958072840738776
0.4602569937705993,9.939294815063477,0,0,7,4.5081634521484375,152.45828247070312,13.110527992248535,-1.8570778369903564,2017-08-12 11:30:24.018960,13.2,0,45,180,52.88373840266156,-106.02947537992291,92.25956985209102,23.70914433172205
-23.38665580749512,46.46425628662109,0,12,7,3.4770941734313965,386.5860290527344,35.698753356933594,2.63196325302124,2017-08-12 11:30:24.018960,13.2,0,45,180,57.488559568172015,-102.8157174631774,88.2096961768143,9.350196727288541
-20.26607131958008,31.691246032714844,0,6,12,2.542864322662353,370.7663269042969,35.80453109741211,-2.4985859394073486,2017-08-12 11:30:41.386736,13.2,0,45,180,54.87466507668772,-102.73622383498622,89.16571992798173,9.749147000065552
-1.3194074630737305,42.29060363769531,0,4,14,7.586338996887207,454.9946594238281,37.28354263305664,-0.8398956060409546,2017-08-12 11:30:48.221931,13.2,0,45,180,53.980843861662606,-103.20725326799418,89.7022844169123,7.944390881953834
46.82839584350586,383.1589050292969,0,18,0,6.217505931854248,1693.5460205078125,22.93202209472656,0.3158086538314819,2017-08-12 11:31:00.043944,10.7,1,45,180,60.06117241435336,-107.5598856279041,89.03164119373518,2.6330557477628584
-827.94384765625,1380.240478515625,0,59,0,4.417332649230957,2727.84521484375,28.430652618408203,1.3673967123031616,2017-08-12 11:31:00.043944,10.7,1,45,180,76.69774896090955,-112.01699982397122,82.06724524667365,1.6346972544974232
10.06466579437256,66.24749755859375,0,19,1,3.7866246700286874,548.0590209960938,15.401827812194824,-1.2726503610610962,2017-08-12 11:31:03.554523,10.7,0,45,180,60.49798940606522,-106.58619188476136,88.4556126010171,8.136351948544597
18.36532974243164,147.2777557373047,0,7,1,4.734370708465576,995.1906127929688,31.79893493652344,-2.1917479038238525,2017-08-12 11:32:03.513246,13.0,0,45,180,56.066671754106565,-106.54308228730582,90.18785451875956,3.6880025393375298
2.610925674438477,15.71567153930664,0,7,7,10.773496627807615,282.33941650390625,7.058396816253662,-2.388535976409912,2017-08-12 11:32:24.094249,13.2,0,45,180,55.80119346359291,-104.0674606332554,89.21272214421329,12.802517864572906
2.0807573795318604,50.23193359375,0,3,14,4.72763729095459,513.1853637695312,20.075590133666992,1.4055330753326416,2017-08-12 11:32:48.376641,13.0,0,45,180,53.66702166998037,-103.71054114871689,89.82029669067613,7.151929431786439
-1.763576865196228,18.67333030700684,0,3,11,8.784353256225586,309.7528686523437,26.500736236572266,1.189830660820007,2017-08-12 11:34:38.385485,13.1,0,45,180,53.95517906295759,-104.2744891628904,89.76067091510599,11.758561685011896
0.281407356262207,19.37739944458008,0,1,15,3.636343240737915,262.9389953613281,16.765756607055664,1.165904521942139,2017-08-12 11:34:52.323610,13.2,0,45,180,52.90075786707966,-104.62292240992468,90.9008009626463,13.747125711411222
-30.41617202758789,46.52789306640625,0,7,0,4.141075611114502,489.9772644042969,38.36288833618164,-2.2458229064941406,2017-08-12 11:35:00.022300,10.6,1,45,180,56.05860836100607,-106.9676868275663,90.06467296190598,9.186689557158532
3.1903579235076904,6.928586483001709,0,11,14,1.5444810390472412,105.43310546875,33.20858383178711,-1.8637778759002688,2017-08-12 11:36:48.531822,13.1,0,45,180,55.90515420539605,-99.69510375011,86.58166678810748,34.54558411198009
188.4837646484375,606.0831909179688,0,16,6,8.12037181854248,1820.7880859375,7.30560827255249,-2.28625226020813,2017-08-12 11:38:21.072383,13.2,0,45,180,58.89068876774012,-102.58050656397644,86.65491100503719,1.9852147823140063
-50.25211334228516,85.51512908935547,0,6,14,4.054305076599121,693.1471557617188,6.662781238555908,-0.5501731038093567,2017-08-12 11:38:48.867352,13.2,0,45,180,54.5823115807632,-102.19436360749005,88.05768238342621,5.214845640810722
-65.74598693847656,306.3612060546875,0,19,0,3.1642401218414307,1396.1575927734375,39.68534851074219,-2.0740785598754883,2017-08-12 11:39:00.037013,10.7,1,45,180,60.47794408317125,-107.58942192468244,88.07481567195615,3.1939095604106575
-29.93167495727539,102.84353637695312,0,11,4,7.248659133911133,870.05419921875,35.986026763916016,1.191691756248474,2017-08-12 11:39:14.091514,10.7,0,45,180,57.50021862676096,-104.74030779344076,88.07946926718034,5.1251991972489455
-32.34370422363281,127.93163299560548,0,7,14,2.288745164871216,955.416748046875,22.84797477722168,-0.2427671700716018,2017-08-12 11:39:48.738365,10.7,0,45,180,54.87407152590993,-101.68156444349164,87.57292033891655,4.667283771730818
-6.107827663421631,18.23861694335937,0,14,1,1.756513595581055,258.7214660644531,32.21847152709961,-2.1276588439941406,2017-08-12 11:40:03.468056,13.1,0,45,180,58.436711802437,-106.70703324604924,88.46689280251849,14.077874049502364
7.52246618270874,58.755001068115234,0,11,3,3.0722992420196533,539.874755859375,34.303916931152344,-2.9627089500427246,2017-08-12 11:40:10.305740,13.2,0,45,180,57.55336042563604,-105.33582412804476,88.21952919728885,6.69535921884424
43.047061920166016,157.0238037109375,0,6,12,3.2410967350006104,1124.0546875,30.325124740600582,0.2767614424228668,2017-08-12 11:41:41.503430,10.7,0,45,180,54.87466507668772,-102.73622383498622,87.86220885248981,3.967067735215518
3.526245355606079,5.766885757446289,0,7,4,1.7820175886154177,84.2884521484375,34.58244323730469,2.957894802093506,2017-08-12 11:42:14.068286,13.2,0,45,180,56.00020425778073,-105.27926510965538,88.5765773948365,42.88434929732372
1.947946548461914,14.653284072875977,0,8,5,2.734316349029541,197.84100341796875,36.089542388916016,3.069028615951538,2017-08-12 11:42:17.489953,13.2,0,45,180,56.34713033859563,-104.6735378030316,88.15579017481072,18.270506928373432
-78.27041625976562,128.9887237548828,0,8,8,3.7759954929351807,819.7489624023438,37.69715881347656,-3.07137393951416,2017-08-12 11:42:27.834728,13.2,0,45,180,56.07947586399987,-103.36530702704248,87.62159852030285,4.409466299379381
-6.913266181945801,12.307365417480469,0,6,9,1.882165789604187,194.44129943847656,36.25069427490234,2.9022819995880127,2017-08-12 11:42:31.342163,13.2,0,45,180,55.23404285633036,-103.66204799411037,88.07714806164431,18.589957144408345
-7.354179859161377,17.57137680053711,0,8,14,2.328179359436035,240.35122680664065,33.22736740112305,-1.839328408241272,2017-08-12 11:42:48.798351,13.1,0,45,180,55.16124752304815,-101.1633328691379,86.83263170035559,15.153857384252552
3.1857333183288574,14.34798526763916,0,11,5,2.1789674758911133,222.158203125,41.54994201660156,2.4624228477478027,2017-08-12 11:43:17.482143,10.6,0,45,180,57.42607939324595,-104.15400337586853,87.37940490797006,20.261547648615817
27.212446212768555,122.72886657714844,0,10,11,3.430702447891236,830.060302734375,30.542695999145508,-0.0018022637814283,2017-08-12 11:43:38.171538,10.7,0,45,180,56.32706631833885,-101.32336708686692,86.3923552115657,5.372141118795301
-0.8703352808952332,35.29553985595703,0,12,11,2.5788979530334477,353.35894775390625,28.0126895904541,-0.5000907182693481,2017-08-12 11:43:38.171538,10.7,0,45,180,56.79453417136109,-100.63301275131332,85.88528291809465,12.619465593678934
-111.11073303222656,192.381103515625,0,10,13,3.023537397384644,1148.12646484375,26.725452423095703,0.2255479097366333,2017-08-12 11:43:45.091649,10.6,0,45,180,55.93067374140205,-100.49884772711216,86.10674881229124,3.9205341536662885
-250.0060577392578,358.0711364746094,0,16,4,2.8977785110473637,1318.88037109375,36.851680755615234,-2.6708500385284424,2017-08-12 11:44:13.887477,13.2,0,45,180,59.11993463173327,-104.17659911621396,86.62348582767407,2.740699992878588
-20.98118782043457,46.211952209472656,0,12,6,4.648157119750977,405.9075622558594,37.33721160888672,-2.8323323726654053,2017-08-12 11:44:20.717677,13.1,0,45,180,57.61117289667558,-103.41439480136692,86.84071513364411,8.97309769967311
-11.811867713928224,68.00686645507812,0,15,6,4.870678424835205,622.4447631835938,38.725128173828125,-2.420644044876098,2017-08-12 11:44:20.717677,13.1,0,45,180,58.49321350761004,-102.86305887129954,86.25074278585606,5.851520373517334
-37.80655288696289,99.28607940673828,0,1,14,9.56616497039795,869.075439453125,14.013909339904783,0.2262856662273407,2017-08-12 11:44:48.443567,13.2,0,45,180,52.98106660500038,-104.73426427892088,89.15727026031412,4.159196382236864
-382.708251953125,690.9696044921875,0,17,14,3.9159305095672607,1809.38427734375,37.17955017089844,-0.8024905323982239,2017-08-12 11:44:48.443567,13.2,0,45,180,57.21333960371481,-96.79229563061368,83.67915007871692,1.9977267786204111
-39.90421676635742,74.74873352050781,0,16,3,2.6706702709198,561.6376342773438,37.03961944580078,1.810131311416626,2017-08-12 11:45:10.358672,10.7,0,45,180,59.1906097833525,-104.99890596235684,86.85821438456384,7.939640813309533
-17.038949966430664,59.72072982788086,0,3,14,9.356355667114258,690.4491577148438,17.681880950927734,-0.6611872911453247,2017-08-12 11:45:48.495772,10.6,0,45,180,53.66702166998037,-103.71054114871689,88.28133457551367,6.5193345054482466
-354.4031982421875,1165.2071533203125,0,16,4,2.797697067260742,2316.27001953125,38.01891708374024,-2.319429397583008,2017-08-12 11:46:13.979676,13.2,0,45,180,59.11993463173327,-104.17659911621396,86.39834069116307,1.5605501056374498
28.63519859313965,64.08597564697266,0,12,5,3.162938356399536,453.527099609375,35.41983795166016,-3.133929967880249,2017-08-12 11:46:17.390354,13.1,0,45,180,57.71206119491465,-104.02914221401618,86.8628945363704,8.030938429688229
41.40096664428711,89.10319519042969,0,12,7,10.911158561706545,629.091064453125,11.271918296813965,-2.063511848449707,2017-08-12 11:46:24.405371,13.2,0,45,180,57.488559568172015,-102.8157174631774,86.35949420692643,5.745838127277496
75.7256851196289,259.6465148925781,0,19,7,6.646440029144287,1174.032958984375,9.1901216506958,-2.2426161766052246,2017-08-12 11:46:24.405371,13.2,0,45,180,59.87752633344188,-100.79825248236222,84.56015874447034,3.078836412558037
28.911117553710938,62.84230422973633,0,9,8,2.56991982460022,535.2900390625,32.79793167114258,1.8398895263671875,2017-08-12 11:46:27.912453,13.2,0,45,180,56.44981331861975,-103.04289502870004,86.84471078867048,6.752704440372196
10.657654762268066,44.83966827392578,0,11,8,2.723210334777832,443.7417907714844,35.39433670043945,2.544569730758667,2017-08-12 11:46:27.912453,13.2,0,45,180,57.08203473756653,-102.47699799027409,86.33842869156865,8.145853058779863
-21.940614700317383,33.93492126464844,0,9,15,4.510786533355713,397.8335571289063,36.70582580566406,-0.1665034890174865,2017-08-12 11:46:51.903635,13.2,0,45,180,55.23067595947979,-100.3163091644084,85.85768207018953,9.085848488374566
3.5548763275146484,7.868157386779785,0,15,5,2.289874315261841,120.68770599365234,40.052852630615234,2.2358288764953613,2017-08-12 11:47:17.091333,10.5,0,45,180,58.6137565694309,-103.6037491127762,86.2086941902067,37.652039281708845
-324.8842163085937,1213.9315185546875,0,17,6,6.058013439178467,2557.8974609375,13.756086349487305,-1.7135380506515503,2017-08-12 11:48:20.709987,13.2,0,45,180,59.28504996699818,-102.29391381086585,85.23445965075014,1.4131353890704967
-970.7362060546876,3408.3349609375,0,18,6,5.908498287200928,3862.118896484375,12.235295295715332,-1.8797683715820312,2017-08-12 11:48:20.709987,13.2,0,45,180,59.67669669293189,-102.00278156049438,84.96111920563473,0.9359254648930443
-106.74337768554688,154.54014587402344,0,20,6,3.651106357574463,678.3803100585938,11.878766059875488,-1.9159674644470213,2017-08-12 11:48:20.709987,13.2,0,45,180,60.45304105984768,-101.40512506363972,84.41748683400277,5.328361348447954
-618.7171630859375,10387.2763671875,0,18,7,9.209040641784668,5955.9150390625,10.354303359985352,-2.1489617824554443,2017-08-12 11:48:24.131507,13.2,0,45,180,59.49892780734096,-101.14287817250911,84.61939975974596,0.6069017774694987
135.89349365234375,327.27508544921875,0,20,7,6.118467807769775,1132.55859375,8.575664520263672,-2.2906479835510254,2017-08-12 11:48:24.131507,13.2,0,45,180,60.253744046260366,-100.44732324245231,84.04331460653867,3.1915835910051347
-1.2212274074554443,6.682787418365479,0,14,5,1.8524470329284668,102.11310577392578,38.6483039855957,1.5937485694885254,2017-08-12 11:49:17.311978,10.7,0,45,180,58.24739995199247,-103.80134444936736,86.20471941377254,43.669233734516894
0.6466817259788513,22.907978057861328,0,9,4,2.290006399154663,270.4291381835937,35.972137451171875,-2.6650171279907227,2017-08-12 11:50:13.760769,13.1,0,45,180,56.80767643446367,-104.9772667320498,87.18957391438991,13.468401510362607
-30.39385032653809,562.053466796875,0,18,6,5.043736934661865,1615.1800537109375,37.79387283325195,-2.9452900886535645,2017-08-12 11:50:21.478638,13.2,0,45,180,59.67669669293189,-102.00278156049438,84.7300247858522,2.237927230069206
8.488883972167969,343.66876220703125,0,22,7,4.673501968383789,1324.8201904296875,15.532896041870115,-1.5851997137069702,2017-08-12 11:50:24.893812,13.2,0,45,180,60.99975888337533,-99.72490656902526,83.24380226521852,2.7284120892601926
-249.2264862060547,395.6700134277344,0,17,8,3.607239007949829,1290.1383056640625,14.789660453796388,-1.675309181213379,2017-08-12 11:50:28.308839,13.2,0,45,180,58.92173428535869,-100.69852718417238,84.36219523894961,2.8017580811258895
-1.510859131813049,6.416399955749512,0,1,10,4.882004737854004,104.90511322021484,12.618545532226562,-1.63795804977417,2017-08-12 11:50:35.140030,13.2,0,45,180,53.24340541883311,-105.25585961946588,88.61146261745112,34.456427458178645
-11.106450080871582,19.422941207885746,0,1,12,3.77064061164856,267.1264343261719,16.444761276245117,-0.6178830862045288,2017-08-12 11:50:42.082618,13.3,0,45,180,53.12417312320367,-104.98088922266858,88.50358096624196,13.429886010291275
-2.802015542984009,8.6448392868042,0,10,11,4.3296799659729,139.153564453125,13.684704780578612,-2.191381454467773,2017-08-12 11:51:38.052385,10.6,0,45,180,56.32706631833885,-101.32336708686692,85.39342985047611,32.34749347483907
55.87643432617188,3953.25,0,16,11,4.956169605255127,4741.455078125,25.71469116210937,-0.5934680104255676,2017-08-12 11:51:38.052385,10.6,0,45,180,57.84404810080984,-99.05362439275318,83.76613288531911,0.9493433859396762
-342.4322509765625,1085.29150390625,0,19,5,3.134791374206543,2386.66015625,27.296037673950195,0.7469556331634521,2017-08-12 11:52:17.087945,13.3,0,45,180,60.2215210287204,-102.64477400256386,84.6138627602581,1.5031371575636523
8.877052307128906,152.382080078125,0,9,6,7.392965793609619,988.5967407226562,6.931708812713623,-2.310844659805298,2017-08-12 11:52:20.503618,13.2,0,45,180,56.6628734688925,-103.9867243272512,86.5116135349104,3.656349727617012
28.33161354064941,349.5461120605469,0,19,6,8.247049331665039,1222.37744140625,11.772507667541504,-1.928596019744873,2017-08-12 11:52:20.503618,13.2,0,45,180,60.0659436387716,-101.70665822572568,84.23273259496038,2.957069806119762
-42.5842170715332,763.990966796875,0,23,6,6.571370601654053,2199.770751953125,8.807150840759277,-2.186041831970215,2017-08-12 11:52:20.503618,13.2,0,45,180,61.6032526932844,-100.46416571471303,83.16758901598399,1.6431964196519033
-29.152063369750977,50.05510330200195,0,8,8,3.604401111602783,484.6903381347656,38.29820251464844,-2.893874168395996,2017-08-12 11:52:27.525620,13.2,0,45,180,56.07947586399987,-103.36530702704248,86.40103404027346,7.457659332708452
-10.949569702148438,28.255273818969727,0,16,11,1.8700703382492063,303.3526611328125,34.82963562011719,3.083184003829956,2017-08-12 11:52:37.957661,13.2,0,45,180,57.84404810080984,-99.05362439275318,83.64230089465467,11.915687207641795
-1.727878451347351,11.90659999847412,0,10,0,0.6928355097770691,165.34437561035156,20.69173622131348,-0.0170715115964412,2017-08-12 11:53:00.023050,10.7,1,45,180,57.27710826890889,-107.06849625620916,87.6640280638435,26.96917307854189
1.4658684730529783,4.126895904541016,0,1,3,15.258875846862791,86.14320373535156,24.18414688110352,-0.8667446970939636,2017-08-12 11:53:10.551135,10.7,0,45,180,53.460929180858216,-106.37695248449684,88.76498054420266,51.764978431711604
-12.951333999633787,19.806427001953125,0,4,12,4.567657470703125,254.42697143554688,38.18831253051758,-1.598015546798706,2017-08-12 11:54:41.654419,13.1,0,45,180,54.21053464553649,-103.63182775162991,86.91468643166165,14.315495690599965
-18.420560836791992,89.0906753540039,0,8,14,4.586657524108887,727.3165893554688,6.996176242828369,-1.594596266746521,2017-08-12 11:55:48.568832,10.5,0,45,180,55.16124752304815,-101.1633328691379,85.15845263050863,6.247813281585172
-17.342329025268555,51.42570877075195,0,8,6,6.887957572937012,500.9488525390625,37.57280731201172,-2.760051965713501,2017-08-12 11:56:20.808658,13.1,0,45,180,56.2734116727643,-104.22645852811296,86.27742888720462,7.2706987843114375
-73.10186004638672,168.50747680664062,0,9,6,5.211889266967773,1016.9591064453124,37.66511154174805,-2.7329301834106445,2017-08-12 11:56:20.808658,13.1,0,45,180,56.6628734688925,-103.9867243272512,86.0206068768236,3.581509020445391
-0.7685928344726562,16.5485897064209,0,1,8,11.287263870239258,287.543701171875,20.2596435546875,-0.871957004070282,2017-08-12 11:56:27.636353,13.2,0,45,180,53.337819874419054,-105.55489334879528,87.98921043020898,12.570803703690741
3.661930799484253,11.362277030944824,0,8,8,5.386303424835205,183.91546630859372,38.105560302734375,-2.9581515789031982,2017-08-12 11:56:27.636353,13.2,0,45,180,56.07947586399987,-103.36530702704248,85.90037699016683,19.65389586974312
-79.27452087402344,211.2124786376953,0,9,3,3.914752960205078,1198.7608642578125,40.06644058227539,2.5378267765045166,2017-08-12 11:57:10.262265,10.8,0,45,180,56.85357534593782,-105.48469623343442,86.58394385964702,3.6853990785008715
29.934778213500977,176.981201171875,0,10,0,4.015004634857178,977.3544921875,14.742947578430176,0.8481055498123169,2017-08-12 11:58:00.032066,13.2,1,45,180,57.27710826890889,-107.06849625620916,87.082776096837,3.698407745150977
-651.678955078125,1513.88134765625,0,19,0,2.039501905441284,2929.17626953125,21.409276962280277,1.959248423576355,2017-08-12 11:58:00.032066,13.2,1,45,180,60.47794408317125,-107.58942192468244,86.08235530881774,1.2340177207030276
-2.783639907836914,283.3017272949219,0,21,0,1.4960590600967407,913.81689453125,20.085248947143555,1.706282377243042,2017-08-12 11:58:00.032066,13.2,1,45,180,61.30640207415946,-107.65647346680026,85.78653648161888,3.9555576672923274
23.933794021606445,95.56300354003906,0,7,14,13.940659523010254,931.9533081054688,37.25334548950195,-0.85279381275177,2017-08-12 11:58:48.513933,13.2,0,45,180,54.87407152590993,-101.68156444349164,85.12930541471184,3.8785799591316876
-557.8585205078125,835.23046875,0,16,14,9.357081413269045,1830.715087890625,6.824968338012695,-0.5441628694534302,2017-08-12 11:58:48.513933,13.2,0,45,180,56.93596471571245,-97.37542081489264,82.26385921597821,1.9744500100390856
-3.0665600299835205,8.26033878326416,0,4,15,2.0189368724823,107.6773910522461,18.597240447998047,-0.3238918781280517,2017-08-12 11:59:52.045525,10.7,0,45,180,53.854279009670016,-103.01435741132492,86.03099553159907,41.41260333132853
-10.010015487670898,24.354469299316406,0,20,4,1.466649293899536,224.1820831298828,37.73702239990234,-2.40277099609375,2017-08-12 12:00:13.961555,13.2,0,45,180,60.74701668158566,-103.41197319715448,83.88409093959135,16.12374804087333
-49.14358901977539,70.39753723144531,0,19,6,2.2516298294067383,485.1666870117188,39.000091552734375,-2.416900396347046,2017-08-12 12:00:20.983065,13.1,0,45,180,60.0659436387716,-101.70665822572568,83.30814017892946,7.5072100180489025
-104.10275268554688,187.7647399902344,0,21,6,2.995396375656128,763.035400390625,36.88803863525391,-3.044477939605713,2017-08-12 12:00:20.983065,13.1,0,45,180,60.838189396904966,-101.09778550799918,82.79048334603551,4.7733672792813735
2.4585630893707275,7.1789398193359375,0,8,7,2.761096239089966,118.21361541748048,27.480144500732425,-1.039342761039734,2017-08-12 12:01:24.347683,10.7,0,45,180,56.1840602269528,-103.7897785969885,85.45502759879474,37.72155235800039
8.306536674499512,43.55506134033203,0,6,14,1.656305193901062,464.43011474609375,6.491697311401367,-2.052046298980713,2017-08-12 12:01:48.536168,10.8,0,45,180,54.5823115807632,-102.19436360749005,85.0967852409529,9.512544609416521
1.0160518884658811,7.071463584899902,0,0,0,3.377313137054444,99.29261779785156,33.91976547241211,-0.8849462270736694,2017-08-12 12:02:00.044493,13.1,1,45,180,52.89460754780563,-106.97387278858687,88.16675198561065,36.681963815005595
-7.363652229309082,53.08336639404297,0,9,11,3.1864092350006104,473.8911437988281,1.6025439500808716,-1.6854979991912842,2017-08-12 12:02:38.171095,13.1,0,45,180,56.01095587346386,-101.74867383212543,84.30518964363887,7.685833045878033
-29.47347068786621,142.67572021484375,0,7,12,4.118645191192627,994.1849365234376,34.68059158325195,-2.5917952060699463,2017-08-12 12:02:41.593761,13.1,0,45,180,55.19870794397509,-102.28197797245802,84.83074831028782,3.663552000591096
-58.10743713378906,92.3390884399414,0,32,13,3.1981444358825684,639.11083984375,34.7468376159668,1.702317237854004,2017-08-12 12:03:45.105374,10.7,0,45,180,61.506487842904576,-87.99361871771349,76.13547798184126,6.9771951990193095
-172.02932739257812,646.4811401367188,0,17,13,6.87774133682251,1790.8604736328125,12.418773651123049,-0.5923635959625244,2017-08-12 12:04:45.037623,13.2,0,45,180,57.55462857576715,-97.33641851870202,81.32008971175975,2.0183903083928794
392.9007263183594,604.6580810546875,0,24,5,3.0600368976593018,1215.4300537109375,16.57779884338379,-2.4937455654144287,2017-08-12 12:05:17.353873,10.7,0,45,180,62.1871765094913,-101.34638872201604,81.95183364620804,3.668825754130588
-0.3894200623035431,13.255742073059082,0,7,11,4.675982475280762,224.29345703125,40.58914566040039,2.48505973815918,2017-08-12 12:05:38.046265,10.6,0,45,180,55.34420062628309,-102.60896279806688,84.57038438495101,20.068659504057283
2.0163934230804443,7.371218681335449,0,12,6,2.2380356788635254,90.63006591796876,36.004127502441406,3.07605504989624,2017-08-12 12:06:20.811299,13.1,0,45,180,57.61117289667558,-103.41439480136692,84.18018111301961,40.1880786057758
-6.02387285232544,14.01714324951172,0,9,12,3.3484647274017334,200.81651306152344,34.79951858520508,-2.579058885574341,2017-08-12 12:06:41.489705,13.1,0,45,180,55.8353383886589,-101.35642743134356,83.62283070072036,18.137194783588882
37.35891342163086,59.876609802246094,0,22,5,2.2533721923828125,524.3947143554688,30.020034790039062,-0.3714549839496612,2017-08-12 12:07:17.287415,10.7,0,45,180,61.40538382863799,-101.8815873735198,82.19213421453892,8.503520270755963
-82.33307647705078,133.50234985351562,0,0,2,2.6582818031311035,822.517822265625,28.259960174560547,2.2173094749450684,2017-08-12 12:10:07.037591,13.2,0,45,180,52.92859775562152,-106.68947768387213,86.9411061253657,4.394622615845312
103.5091323852539,153.33250427246094,0,19,3,3.250511646270752,912.2144775390624,35.19364547729492,-2.7228543758392334,2017-08-12 12:10:10.453265,13.2,0,45,180,60.4302981458228,-104.58914180295194,83.39279058761211,3.9625060911287338
18.33870506286621,33.46636199951172,0,0,7,11.722023963928224,434.4656372070313,22.52882194519043,-0.1325233578681945,2017-08-12 12:10:24.317463,13.1,0,45,180,52.88373840266156,-106.02947537992291,86.5618035161936,8.383282591857476
-406.8587646484375,1428.067138671875,0,17,10,6.074319839477539,2750.022216796875,12.736139297485352,-1.6415209770202637,2017-08-12 12:10:34.754139,13.2,0,45,180,58.448435340028176,-99.2342412191726,81.3266423845377,1.314409535161708
-723.4354248046875,1517.474609375,0,19,10,6.045676231384277,2991.09423828125,12.041902542114258,-1.71439790725708,2017-08-12 12:10:34.754139,13.2,0,45,180,59.127666843469456,-98.29618612008564,80.6973032002682,1.2084725975539348
8.462727546691895,50.08094024658203,0,27,13,1.711590051651001,419.7242431640625,36.655364990234375,2.3886830806732178,2017-08-12 12:11:44.983769,10.6,0,45,180,60.28340953602503,-91.33770612972052,76.92006927290791,10.724348406028565
4.121623516082764,6.198627471923828,0,4,14,1.7185988426208496,77.77664947509766,24.86467742919922,0.1509240418672561,2017-08-12 12:11:48.492842,10.7,0,45,180,53.980843861662606,-103.20725326799418,84.48052716882765,57.33341707946352
-8.833538055419922,58.83421325683594,0,3,15,2.497609615325928,556.2470092773438,39.25723648071289,-2.093247175216675,2017-08-12 12:11:51.904020,10.7,0,45,180,53.55674423204956,-103.54430336929204,84.78634357301408,8.016584375333984
7.90178108215332,66.65380859375,0,9,15,2.249989748001098,598.11328125,29.87901496887207,1.7918469905853271,2017-08-12 12:11:51.904020,10.7,0,45,180,55.23067595947979,-100.3163091644084,82.54374974262188,7.455445687612394
2.157254934310913,9.533533096313477,0,3,1,10.721043586730955,194.7510223388672,3.885094165802002,-0.3315697610378265,2017-08-12 12:12:03.430826,13.1,0,45,180,54.375641814617296,-106.632806420229,86.16072128234282,18.702074933503823
37.718875885009766,137.80113220214844,0,0,4,2.556965112686157,796.5689086914062,13.45223617553711,-1.291616439819336,2017-08-12 12:12:13.771106,13.2,0,45,180,52.93101612350284,-106.41608165595638,86.50857596990049,4.537781206653499
0.8308702707290649,5.8345561027526855,0,2,4,5.880297660827637,89.88459777832031,8.696157455444336,-1.7430002689361572,2017-08-12 12:12:13.771106,13.2,0,45,180,53.909235382459045,-106.03457892150624,85.97701383437409,40.214402834388444
-54.32805633544922,116.76476287841795,0,12,4,6.2328290939331055,677.7008056640625,7.540412425994873,-1.8236325979232788,2017-08-12 12:12:13.771106,13.2,0,45,180,57.79068739288677,-104.65710323059967,84.01146335846002,5.333703890350901
-15.735488891601562,60.69624710083008,0,1,5,9.925348281860352,622.0633544921875,10.706493377685549,-1.8391683101654053,2017-08-12 12:12:17.280039,13.2,0,45,180,53.4335012909358,-106.03686164446968,86.12811582859511,5.8107512644192365
-3.292813539505005,6.281211853027344,0,9,15,5.335826396942139,99.65632629394533,29.689985275268555,-2.075613260269165,2017-08-12 12:12:51.902203,13.0,0,45,180,55.23067595947979,-100.3163091644084,82.40826451549258,36.82922744191434
56.7611083984375,207.6172790527344,0,10,8,3.19970178604126,1113.173828125,33.57323455810547,0.0955296605825424,2017-08-12 12:13:27.703910,10.7,0,45,180,56.80464774359053,-102.72746671121888,83.17608512339272,4.0058443441038944
-1.0788381099700928,10.002513885498049,0,7,13,2.221301794052124,166.73170471191406,35.00168991088867,-1.9592375755310056,2017-08-12 12:14:45.039760,13.1,0,45,180,55.04179854173685,-101.97249737147646,83.1016678747349,21.844964756110414
117.2530288696289,562.488037109375,0,55,11,3.7376515865325928,2004.7257080078125,29.46068000793457,-0.2340100556612014,2017-08-12 12:15:38.469983,10.7,0,45,180,68.09266405070629,-71.600115213609,68.43071596954421,2.2243447398249425
-0.4882006347179413,8.263395309448242,0,11,6,5.762250900268555,143.27806091308594,37.674922943115234,-2.725096702575684,2017-08-12 12:16:20.909220,13.1,0,45,180,57.33133527348552,-103.57963255106657,83.09234867900511,25.42083686746291
-20.41073989868164,52.22781753540039,0,8,7,3.455915927886963,494.29296875,8.28854751586914,-2.3877487182617188,2017-08-12 12:16:24.325745,13.3,0,45,180,56.1840602269528,-103.7897785969885,83.52522343302032,7.257796064565297
-9.355913162231444,13.743860244750977,0,9,12,8.65440845489502,235.32736206054688,34.81531524658203,-2.65805459022522,2017-08-12 12:16:41.686036,13.1,0,45,180,55.8353383886589,-101.35642743134356,82.29636482760975,15.477368127811951
45.81043243408203,132.6865997314453,0,10,13,3.2500243186950684,807.3588256835938,34.57577896118164,-2.087608337402344,2017-08-12 12:16:45.198965,13.1,0,45,180,55.93067374140205,-100.49884772711216,81.80514863914226,4.511312810724608
-4.539410591125488,24.63445281982422,0,7,15,4.291605472564697,322.89630126953125,34.76517105102539,-0.6428592801094055,2017-08-12 12:16:52.032155,13.1,0,45,180,54.69615166895485,-101.41011616377268,82.5992729952001,11.279931664864991
-0.45797860622406,8.556296348571777,0,12,6,0.9769795536994934,93.3165512084961,31.881067276000977,-0.1015338078141212,2017-08-12 12:17:20.907903,10.7,0,45,180,57.61117289667558,-103.41439480136692,82.80235369005447,47.78574674749681
-895.6640014648438,1860.8037109375,0,17,7,3.972028970718384,3464.107421875,35.00257110595703,0.4396763145923614,2017-08-12 12:17:24.317934,10.7,0,45,180,59.11770845542025,-101.48163783727412,81.42944479151231,1.2872583151550774
376.5228271484375,1690.5880126953125,0,17,8,6.828277587890625,3400.115234375,26.481674194335938,-1.0817662477493286,2017-08-12 12:17:27.732609,10.6,0,45,180,58.92173428535869,-100.69852718417238,81.08448522558643,1.3238577835952288
497.4776306152344,2763.20263671875,0,28,9,3.057093858718872,4524.4658203125,23.28962135314941,-1.83150053024292,2017-08-12 12:17:31.154628,10.8,0,45,180,62.4644578576366,-94.80482325672924,77.5829836212097,0.9764494550151138
110.74987030029295,185.3050079345703,0,16,7,3.37395977973938,896.71875,38.567970275878906,-2.811044692993164,2017-08-12 12:18:24.240278,13.2,0,45,180,58.73356405532194,-101.81500162107834,81.56811901020134,4.030980085633707
-12.631285667419434,25.169824600219727,0,0,9,2.6309077739715576,305.4526672363281,29.078479766845703,1.0247668027877808,2017-08-12 12:18:31.076971,13.2,0,45,180,52.82112644138072,-105.79118510518808,85.33759094875279,11.833766116266053
115.58753204345705,377.1310729980469,0,18,14,2.969564914703369,1235.9569091796875,24.362201690673828,2.092193603515625,2017-08-12 12:18:48.555637,13.1,0,45,180,57.485719147741136,-96.2026473373276,78.9187572449529,2.9469054997842563
177.04454040527344,743.9963989257812,0,19,14,2.8633873462677,1771.4769287109375,6.607611656188965,-0.3574496805667877,2017-08-12 12:18:48.555637,13.1,0,45,180,57.75339462632244,-95.60610165346824,78.55978659276015,2.0560517352085137
-68.3895263671875,206.1649627685547,0,20,11,1.021274209022522,918.9523315429688,25.48612594604492,-0.7248479127883911,2017-08-12 12:19:38.266996,10.6,0,45,180,59.13921378031365,-97.03220775090269,78.94028728558752,4.898261709168521
-5.675625324249268,8.97258186340332,0,24,12,3.573964357376098,79.35973358154297,36.341087341308594,1.6359432935714722,2017-08-12 12:19:41.682670,10.7,0,45,180,59.95642567826975,-94.01774767945751,77.30468322795548,56.18971841452989
-26.158634185791016,119.77674102783205,0,14,6,8.7462739944458,907.3121948242188,38.47185516357422,-2.738148927688598,2017-08-12 12:20:20.895046,13.2,0,45,180,58.13454383346401,-103.1058302708708,82.12594362166571,3.9839158387644598
-2.223724126815796,4.8623809814453125,0,2,7,24.59831047058105,113.53579711914062,13.612262725830078,-1.4670283794403076,2017-08-12 12:20:24.306076,13.1,0,45,180,53.8152195349373,-105.42566507421176,84.56967095069382,32.080174760528784
-342.9646911621094,753.9132690429688,0,18,9,6.273067951202393,2033.94482421875,13.274276733398438,-1.7621750831604004,2017-08-12 12:20:31.232181,13.2,0,45,180,59.05419876006237,-99.5221848980541,80.09056243752096,1.7771649361495143
8.241006851196289,28.37653923034668,0,26,9,1.5755746364593506,245.4583740234375,17.210824966430664,-1.2592843770980835,2017-08-12 12:20:31.232181,13.2,0,45,180,61.80191415361579,-95.8240744230531,77.80569863776445,14.726144251730462
-91.9942626953125,131.99664306640625,0,8,10,2.6984150409698486,894.185791015625,35.49526596069336,-3.080762386322021,2017-08-12 12:20:34.744758,13.0,0,45,180,55.82649282413218,-102.55975274037309,82.42343389692716,4.104589386213146
-305.8341369628906,1301.1680908203125,0,18,13,4.141757011413574,2128.283935546875,13.181920051574709,-0.5042157173156738,2017-08-12 12:20:45.074401,13.2,0,45,180,57.845567679254565,-96.77285518443514,78.89911005737444,1.6983896571749217
-6.903585910797119,20.491920471191406,0,3,11,6.429033279418945,306.9511108398437,25.302440643310547,-0.7542951703071594,2017-08-12 12:21:38.275352,10.6,0,45,180,53.95517906295759,-104.2744891628904,83.72434232375936,14.664449351012982
-32.162845611572266,103.75593566894533,0,4,11,5.62114143371582,764.0647583007812,28.44175910949707,-0.1902818530797958,2017-08-12 12:21:38.275352,10.6,0,45,180,54.31292452479732,-103.86202327422262,83.39611460781944,5.8912140224324965
-42.47853469848633,111.10843658447266,0,16,11,4.664698123931885,748.0912475585938,21.200557708740234,-1.3969403505325315,2017-08-12 12:21:38.275352,10.6,0,45,180,57.84404810080984,-99.05362439275318,79.96643735056384,6.0170053223293465
-148.32281494140625,231.33692932128903,0,25,11,0.4779114127159118,1136.5419921875,22.43466567993164,-1.2149730920791626,2017-08-12 12:21:38.275352,10.6,0,45,180,60.68166341877679,-94.31660931301448,77.11753438090572,3.9604951238840513
46.09253692626953,109.6592788696289,0,17,15,3.2750535011291504,683.313232421875,24.97380828857422,1.025636911392212,2017-08-12 12:21:52.121560,10.5,0,45,180,56.85285352296428,-96.29497840388898,78.67336694855744,6.650154030804415
-2.141087293624878,32.210792541503906,0,28,15,2.593132257461548,278.60626220703125,18.53959274291992,0.0010888497345149,2017-08-12 12:21:52.121560,10.5,0,45,180,59.38573299607573,-89.16854017131791,74.6633387818655,16.31025164651753
-7.029721260070801,11.117071151733398,0,0,2,1.6333715915679932,145.52586364746094,30.66981506347656,3.11513900756836,2017-08-12 12:22:06.950152,13.1,0,45,180,52.92859775562152,-106.68947768387213,85.30393456378566,25.028184831676274
6.85238790512085,65.39917755126953,0,0,3,3.198071956634521,510.5447082519531,18.158126831054688,-0.2423003166913986,2017-08-12 12:22:10.366825,13.2,0,45,180,52.93344064554932,-106.55137620334092,85.21778095718503,7.0799978243639385
-0.8604565858840942,20.789743423461918,0,6,10,2.518378734588623,284.08563232421875,36.85340118408203,-2.962902307510376,2017-08-12 12:22:34.258105,13.2,0,45,180,55.125449766498136,-103.33978017302192,82.76151178320984,12.723823426378171
-112.4231948852539,657.6785278320312,0,21,4,2.455519437789917,1873.239990234375,31.43545150756836,0.1782798320055008,2017-08-12 12:23:13.881082,10.7,0,45,180,61.149195560863895,-103.21306512117673,81.05032436496101,2.3804750628033986
3.392216205596924,5.171287536621094,0,11,5,7.199632167816162,84.04267120361328,42.80027770996094,2.7845888137817383,2017-08-12 12:23:17.390015,10.6,0,45,180,57.42607939324595,-104.15400337586853,82.47537170974516,53.559328299342944
0.6961138844490051,28.90279197692871,0,11,6,2.8271372318267822,357.03759765625,42.63159942626953,2.4174227714538574,2017-08-12 12:23:20.806679,10.7,0,45,180,57.33133527348552,-103.57963255106657,82.19931692401795,12.48944400441619
-1.163140058517456,49.97393798828125,0,26,6,2.466167449951172,405.5294189453125,30.05988502502441,-0.5171371102333069,2017-08-12 12:23:20.806679,10.7,0,45,180,62.7393608060558,-99.46079382964037,78.97903758199357,10.995998995575595
8.859394073486328,16.099626541137695,0,3,1,7.653461456298828,239.19232177734372,12.294503211975098,-0.0757976770401001,2017-08-12 12:24:03.434656,13.2,0,45,180,54.375641814617296,-106.632806420229,84.56057002561525,15.111920804168262
-148.7624053955078,298.31475830078125,0,26,1,1.859537363052368,1004.5138549804688,22.902856826782227,1.600022792816162,2017-08-12 12:24:03.434656,13.2,0,45,180,63.37896108187783,-106.42696317730152,81.78089099219164,3.5984127105291464
31.022735595703125,70.57754516601562,0,14,9,3.433821201324463,580.9141845703125,34.70655059814453,2.755966663360596,2017-08-12 12:24:31.135072,13.1,0,45,180,57.64890511465211,-101.14783870800323,80.71841232150935,6.269855875273643
4.023629188537598,136.60133361816406,0,9,11,7.79071044921875,975.6626586914062,36.15398025512695,-2.7041432857513428,2017-08-12 12:24:38.076162,13.1,0,45,180,56.01095587346386,-101.74867383212543,81.40037639315581,3.733101990439078
4.731401920318604,9.567777633666992,0,17,11,1.2186872959136963,121.35577392578124,34.26688003540039,3.0405678749084477,2017-08-12 12:24:38.076162,13.1,0,45,180,58.1736354338017,-98.55930625254356,79.26110950172531,30.012978330849737
-241.3852996826172,382.5530395507813,0,19,14,5.348735809326172,1392.099365234375,8.617542266845703,-0.4151819944381714,2017-08-12 12:24:48.517833,13.2,0,45,180,57.75339462632244,-95.60610165346824,77.7756036721542,2.596549868446915
-21.38996315002441,50.71176528930664,0,8,6,5.612247467041016,502.4122619628906,36.97677230834961,0.9703502655029296,2017-08-12 12:25:20.806110,10.7,0,45,180,56.2734116727643,-104.22645852811296,82.55754394086684,8.875581710480583
2.17200255393982,7.324275493621826,0,5,13,2.574130058288574,84.90513610839844,5.358251571655273,-2.534123182296753,2017-08-12 12:25:45.088363,10.8,0,45,180,54.41988627600509,-102.93697029533296,82.28840380825588,52.03350924304861
-205.0931396484375,522.7536010742188,0,31,14,3.537708044052124,2042.300537109375,30.642732620239254,1.2059026956558228,2017-08-12 12:25:48.509523,10.8,0,45,180,60.64106832911514,-87.82023351193304,73.4549582854385,2.1632037519471354
515.3392333984375,1211.0213623046875,0,41,14,4.693371295928955,2777.100341796875,31.032129287719727,1.2924790382385254,2017-08-12 12:25:48.509523,10.8,0,45,180,62.5897295006753,-80.33003968482724,69.99831582102577,1.5908363547354274
-201.93960571289065,423.7821044921875,0,43,14,4.476311683654785,1666.0843505859375,30.560562133789062,1.1877689361572266,2017-08-12 12:25:48.509523,10.8,0,45,180,62.92430456407436,-78.71726973541365,69.30842732675156,2.6516737780562765
0.1882228702306747,13.48468017578125,0,51,14,0.3128260970115661,159.7520294189453,31.54969787597656,1.4091931581497192,2017-08-12 12:25:48.509523,10.8,0,45,180,64.05680554177654,-71.89897541577561,66.5510487350627,27.654811025234597
13.66773509979248,23.78455352783203,0,12,13,3.3617944717407227,261.0502014160156,32.81849670410156,-2.606864213943481,2017-08-12 12:26:44.813957,13.1,0,45,180,56.3369457195673,-99.69926255985216,79.94314665104288,13.952290377104902
-6.288602352142334,22.35013771057129,0,8,0,2.2522706985473637,297.52801513671875,40.1949577331543,-1.977016925811768,2017-08-12 12:27:00.012035,10.8,1,45,180,56.47159953974264,-106.99685959685796,83.73236344985884,14.84872670712555
1.8182470798492432,8.995355606079102,0,6,4,2.779772520065308,143.04501342773438,6.91798734664917,-3.0083515644073486,2017-08-12 12:27:13.865392,10.7,0,45,180,55.59305666236882,-105.4281919420892,83.13135438588252,31.173411617398163
-4.583007335662842,31.857009887695312,0,3,8,7.57999849319458,423.4041442871094,7.486124038696289,2.8492255210876465,2017-08-12 12:27:27.622188,10.7,0,45,180,54.17346355286215,-104.92166458140072,83.21699160520615,10.53178421507192
-928.0044555664062,1480.18994140625,0,16,8,5.828429698944092,2620.03857421875,28.27831268310547,-0.9411236047744752,2017-08-12 12:27:27.622188,10.7,0,45,180,58.54927422019059,-101.0762851790362,80.10883213900048,1.7019600884039152
-11.38331127166748,16.858314514160156,0,10,10,2.23230242729187,239.26719665527344,40.32805252075195,1.9867101907730105,2017-08-12 12:27:34.643699,10.7,0,45,180,56.50262493173156,-101.77073844291932,80.9049508232165,18.63690947081078
-58.31404113769531,147.5102996826172,0,20,11,1.8809561729431152,658.9935302734375,38.20848846435547,1.9611881971359253,2017-08-12 12:27:38.151133,10.6,0,45,180,59.13921378031365,-97.03220775090269,77.93713294897024,6.830520803869408
-14.330455780029297,28.254779815673828,0,8,11,4.1266374588012695,316.7133178710937,38.37575912475586,-2.191554307937622,2017-08-12 12:28:38.290177,13.2,0,45,180,55.67916750022876,-102.18178535400428,81.17251746823102,11.413019976430421
-59.85465621948242,127.18475341796876,0,11,11,4.377050876617432,882.8017578125,38.80386352539063,-2.058043956756592,2017-08-12 12:28:38.290177,13.2,0,45,180,56.56812834304841,-100.97304845817546,80.32452387518094,4.094526762861379
3.603550910949707,5.835920333862305,0,5,11,3.3530306816101074,82.4153060913086,41.05929946899414,2.480844259262085,2017-08-12 12:29:38.068732,10.7,0,45,180,54.6622133494164,-103.44809329786146,81.97358331350384,54.10646753478809
15.615095138549805,29.7166748046875,0,6,9,4.563763618469238,347.1498107910156,38.599422454833984,-2.450317621231079,2017-08-12 12:30:31.164288,13.1,0,45,180,55.23404285633036,-103.66204799411037,81.82875449036567,10.491862878619303
-31.90578842163086,58.21868896484375,0,12,10,4.270437717437744,453.1267395019531,35.99665451049805,-2.990556478500366,2017-08-12 12:30:34.579461,13.1,0,45,180,56.99701853593367,-101.142231567304,80.06725270706588,8.038034164925445
-9.440248489379885,25.996097564697266,0,6,11,4.136665344238281,335.2817077636719,34.825435638427734,3.045242547988892,2017-08-12 12:30:38.099384,13.2,0,45,180,55.005503030819895,-103.03079829283898,81.52210632547099,10.780950287369068
620.05517578125,967.6209106445312,0,23,12,4.255834579467773,2035.6790771484373,12.297818183898926,-1.052329659461975,2017-08-12 12:30:41.607965,13.2,0,45,180,59.66986823400551,-94.60190049263385,76.2654968836879,1.7756509187723883
-0.0364898443222045,22.433652877807617,0,26,12,1.6245883703231812,198.74954223632807,14.900765419006348,-0.7456043362617493,2017-08-12 12:30:41.607965,13.2,0,45,180,60.51937098072127,-92.8209722335156,75.30874274533863,18.186987416384863
-46.02964782714844,68.29478454589844,0,1,13,8.341938972473145,677.1658325195312,19.96468162536621,0.4986417889595032,2017-08-12 12:30:45.022491,13.2,0,45,180,53.055556687391885,-104.85376677209383,83.01804766369268,5.337917612020234
694.8140869140625,1345.9879150390625,0,26,0,8.432482719421387,3277.229248046875,23.722936630249023,0.4482131004333496,2017-08-12 12:31:00.039889,10.7,1,45,180,63.35722140562972,-107.86821524687844,81.66337319568764,1.3606619329595433
-212.07164001464844,496.4191589355469,0,22,2,2.964815616607666,1765.3360595703125,39.4578742980957,2.9249062538146973,2017-08-12 12:31:06.967992,10.7,0,45,180,61.71741084086777,-105.33391254540864,80.9772859396282,2.5259785859041437
1.175277829170227,8.625716209411621,0,9,9,2.863542079925537,125.09838104248048,42.91512680053711,2.493490219116211,2017-08-12 12:31:31.149484,10.7,0,45,180,56.31885303426152,-102.59349447911409,80.86046358601642,35.645553893177656
-4.757678031921387,6.890258312225342,0,4,13,4.298074245452881,93.94446563720705,34.936859130859375,1.681289553642273,2017-08-12 12:31:44.911923,10.8,0,45,180,54.09972009656561,-103.41331515744372,81.7970698430931,47.026848835775596
428.3758850097656,2008.71923828125,0,21,14,2.49001407623291,3765.670654296875,29.27195930480957,0.976207435131073,2017-08-12 12:31:48.322953,10.7,0,45,180,58.27546096038673,-94.3910628137742,76.16164148299416,1.1841718229688445
-74.10228729248047,170.2552947998047,0,11,15,4.283547401428223,1015.8025512695312,22.63846015930176,0.5100629925727844,2017-08-12 12:31:51.734630,10.6,0,45,180,55.655241011410425,-99.32627591507516,79.17592214818131,4.431244056753408
-22.15395736694336,53.82227325439453,0,14,0,6.25141191482544,540.2735595703125,17.753150939941406,1.3049789667129517,2017-08-12 12:32:00.044566,13.2,1,45,180,58.41645480157448,-107.44591074042926,82.76113328684039,6.69041702973423
69.73023986816406,234.49533081054688,0,26,0,1.93669593334198,880.1480102539062,20.29989242553711,1.7515065670013428,2017-08-12 12:32:00.044566,13.2,1,45,180,63.35722140562972,-107.86821524687844,81.55730543524828,4.106872232343728
80.41685485839844,180.10491943359375,0,25,6,2.9114856719970703,797.5162353515625,6.491688251495361,-2.3275411128997803,2017-08-12 12:32:20.818025,13.2,0,45,180,62.36208289075661,-99.80280797784316,78.18846026235623,4.532391020316886
45.31565856933594,125.9627456665039,0,8,12,11.166064262390137,998.1986694335938,32.92290496826172,3.093518018722534,2017-08-12 12:32:41.695242,13.1,0,45,180,55.51874727816606,-101.82224124066424,80.45980591236058,3.648820945859091
-10.21873378753662,106.63150787353516,0,10,12,9.17114543914795,872.212890625,33.87433242797852,-2.9258129596710205,2017-08-12 12:32:41.695242,13.1,0,45,180,56.13614443517864,-100.89891153158445,79.82933394530235,4.175870653032945
2.8572065830230717,110.12939453125,0,15,12,5.77931547164917,861.1123657226562,34.393035888671875,-2.779048442840576,2017-08-12 12:32:41.695242,13.1,0,45,180,57.24437598362231,-98.97364384103368,78.59354681697747,4.229701439836311
235.3299102783203,1125.8702392578125,0,16,12,5.942708015441895,2383.220703125,32.71586227416992,3.0370192527771,2017-08-12 12:32:41.695242,13.1,0,45,180,57.56216005272218,-98.45309640919554,78.26626963026015,1.5282882564682618
61.57598114013672,144.99871826171875,0,14,1,3.0843522548675537,1010.3331298828124,37.470008850097656,2.924968719482422,2017-08-12 12:33:03.543838,10.7,0,45,180,58.436711802437,-106.70703324604924,82.2583344994443,4.413594834721722
-33.09269714355469,103.86005401611328,0,61,10,5.463151454925537,816.9989013671875,40.46771240234375,2.040125608444214,2017-08-12 12:33:34.943998,10.7,0,45,180,70.35621369184041,-67.01422649768548,66.13464860856618,5.458025801426253
-10.23048210144043,27.43718719482422,0,6,12,2.4762485027313232,345.28045654296875,36.47390365600586,1.9822510480880735,2017-08-12 12:33:41.863257,10.5,0,45,180,54.87466507668772,-102.73622383498622,80.96668938809275,13.1607166313128
21.125497817993164,51.38657379150391,0,43,15,2.7402243614196777,389.7926330566406,31.128332138061523,1.9097999334335327,2017-08-12 12:33:52.208876,10.8,0,45,180,61.979543562025846,-77.89910961511912,67.87099651374197,11.334006365986617
-13.70270824432373,22.3701171875,0,11,3,7.345302104949951,316.2740173339844,37.4127197265625,-2.068899631500244,2017-08-12 12:34:11.124030,13.2,0,45,180,57.55336042563604,-105.33582412804476,81.65438019509835,11.428872514201144
9.674175262451172,14.125946998596191,0,3,7,4.906707763671875,224.69964599609372,12.214067459106444,-1.69830584526062,2017-08-12 12:34:24.886469,13.1,0,45,180,54.22949228957211,-105.1523064303417,82.36563465262607,16.209407883185047
-36.23004150390625,68.88565063476562,0,10,11,3.0049936771392822,584.4888916015625,36.25706100463867,-2.5723671913146973,2017-08-12 12:34:38.631785,13.1,0,45,180,56.32706631833885,-101.32336708686692,79.75777959050782,6.231509726690988
18.21354103088379,116.6470184326172,0,8,13,4.554983615875244,809.0576171875,12.204338073730469,-0.6059452295303345,2017-08-12 12:34:45.550389,13.2,0,45,180,55.34587970980512,-101.48237956040242,80.02537210661146,4.467735482461504
-38.198219299316406,74.3077621459961,0,11,13,3.9033942222595215,637.4891967773438,10.35486888885498,-0.7902091145515442,2017-08-12 12:34:45.550389,13.2,0,45,180,56.14123989271696,-100.09333582287064,79.11142771110632,5.670143810965385
2.594637155532837,12.640872955322266,0,28,0,1.1036241054534912,118.97992706298828,40.58905029296875,-1.765012502670288,2017-08-12 12:35:00.046812,10.7,1,45,180,64.17218429800242,-107.97069257275692,81.06131678016992,37.47859990734655
-2.1471216678619385,11.940510749816896,0,11,1,1.6734559535980225,177.38148498535156,33.15840148925781,1.8694878816604612,2017-08-12 12:35:03.457490,10.7,0,45,180,57.59553369429743,-106.54320565085848,82.14977207409767,25.139044719167046
5.002965927124023,9.906254768371582,0,32,1,6.684405326843262,97.3697280883789,40.841575622558594,-2.3838818073272705,2017-08-12 12:35:03.457490,10.7,0,45,180,65.82202743638496,-106.31312830665782,79.96320948392354,45.79658556046864
-39.83959197998047,187.4066925048828,0,9,15,3.5261402130126958,1132.4912109375,36.61759185791016,-2.8296093940734863,2017-08-12 12:35:52.122028,10.7,0,45,180,55.23067595947979,-100.3163091644084,79.24778402918258,3.9375149584671756
-28.77753448486328,48.22281265258789,0,13,3,2.974247455596924,386.471923828125,37.19060134887695,-1.7875930070877075,2017-08-12 12:36:10.380280,13.0,0,45,180,58.12675157872923,-105.26264150456755,81.22271569544945,9.496849009755264
-15.352670669555664,29.457813262939453,0,3,10,4.321263313293457,309.4315185546875,31.31389808654785,1.7558099031448364,2017-08-12 12:36:34.654181,13.2,0,45,180,54.03606231639627,-104.48195535420656,81.73509136259,11.681600635086928
-3.356297254562378,8.151198387145996,0,7,10,4.079561710357666,113.64022064208984,38.20523071289063,-2.597348928451538,2017-08-12 12:36:34.654181,13.2,0,45,180,55.47770822971663,-102.95230309965312,80.55656587577788,31.807888116028185
-737.6932983398438,1125.964599609375,0,35,10,4.100784778594971,2566.23095703125,12.949899673461914,-1.6202930212020874,2017-08-12 12:36:34.654181,13.2,0,45,180,64.14419923483933,-89.41991258263079,72.95191309762288,1.4085464185366903
-36.48452377319336,59.6192741394043,0,10,6,3.6118369102478023,573.7339477539062,29.38394927978516,-0.6038377285003662,2017-08-12 12:37:20.817638,10.7,0,45,180,57.0368011368404,-103.7539505341945,80.54412382320591,7.772245482172013
-55.28902816772461,102.4063720703125,0,65,8,4.904202938079834,686.6405029296875,42.36860656738281,2.367418050765991,2017-08-12 12:37:27.833154,10.7,0,45,180,73.69066831693915,-66.71900070921016,67.20191991861529,6.4942296068655265
-3.121168851852417,79.06713104248047,0,48,12,2.432497262954712,565.829833984375,22.97984313964844,-1.1431986093521118,2017-08-12 12:37:41.591949,10.8,0,45,180,65.73222116726528,-76.66537530889858,67.6991938508744,7.8078459620435074
-4.266233921051025,11.331708908081056,0,20,14,1.7526897192001345,96.3132095336914,25.725303649902344,0.3771608769893646,2017-08-12 12:37:48.515556,10.7,0,45,180,58.016586565112064,-95.00233488403276,75.72282248709199,46.29895634242294
2.546851873397827,11.036384582519531,0,12,6,0.5657339096069336,131.5190887451172,38.5020751953125,-2.73551344871521,2017-08-12 12:38:20.722914,13.2,0,45,180,57.61117289667558,-103.41439480136692,80.11291653418755,27.483884340694605
-18.88977813720703,64.08604431152344,0,6,8,7.021677970886231,649.3876953125,5.631643295288086,-2.4503185749053955,2017-08-12 12:38:27.646521,13.2,0,45,180,55.330853698294405,-103.99640082099722,80.9035500501963,5.566251793429649
17.05715560913086,28.80231666564941,0,15,8,3.505046367645264,348.5310363769531,37.96481704711914,-2.996849298477173,2017-08-12 12:38:27.646521,13.2,0,45,180,58.17326526153694,-101.448487531953,78.97152013885292,10.37111489765556
16.956018447875977,100.43924713134766,0,10,14,3.478729724884033,693.8472290039062,30.45571517944336,-2.627141237258911,2017-08-12 12:38:48.410842,13.1,0,45,180,55.7115110450469,-100.12447670184892,78.65025390336648,5.249351818247971
-10.75620174407959,41.2327766418457,0,8,15,4.867339611053467,447.0511474609375,35.92496871948242,-0.2681010663509369,2017-08-12 12:38:51.923919,13.1,0,45,180,54.9655629952001,-100.86610617629478,79.18531478781446,8.147274050954593
0.3048030138015747,6.778814315795898,0,15,15,1.481639742851257,110.59964752197266,30.814533233642575,-1.8138294219970703,2017-08-12 12:38:51.923919,13.1,0,45,180,56.330200710311175,-97.50209142835872,77.10920185090518,32.931824782121225
3.648897171020508,6.273420810699463,0,33,1,26.16916847229004,144.9762420654297,40.157318115234375,-2.605551719665528,2017-08-12 12:39:03.541635,10.7,0,45,180,66.22808283623955,-106.29563161333598,79.47048237216832,30.75815057605449
-7.207028865814209,11.178823471069336,0,33,2,18.13733673095703,229.65869140625,2.2480461597442627,-2.5716493129730225,2017-08-12 12:39:07.060558,10.7,0,45,180,66.18534328486987,-104.31799084112863,78.69940029533993,19.416644134364592
120.30660247802734,498.70648193359375,0,59,8,3.533708333969116,2069.734130859375,42.71612548828125,2.2728536128997803,2017-08-12 12:39:27.657348,10.8,0,45,180,72.32135302419167,-73.6881881569885,68.40505764672172,2.134531251433868
-13.663098335266112,24.39224624633789,0,10,12,2.1408982276916504,309.06597900390625,6.894357681274414,-2.7586829662323,2017-08-12 12:39:41.611948,10.7,0,45,180,56.13614443517864,-100.89891153158445,78.8801381118607,14.42799074091119
22.926136016845703,52.33242034912109,0,15,14,3.6177847385406494,527.0598754882812,32.01607894897461,1.5706939697265625,2017-08-12 12:39:48.439651,10.7,0,45,180,56.65320965810983,-97.95246354276426,77.1838493188301,8.460520883453512
-4.099595069885254,144.5099334716797,0,10,1,3.493482828140259,840.9633178710938,33.59101486206055,-2.0010461807250977,2017-08-12 12:40:03.520992,13.2,0,45,180,57.28620609243561,-106.5061956398041,81.5683385213619,4.298231976175707
0.9810243844985962,10.534427642822266,0,1,4,7.425458908081055,197.71432495117188,20.700000762939453,-0.0321885868906974,2017-08-12 12:40:14.060427,13.1,0,45,180,53.45077644439478,-106.2055280516408,82.3372184702168,18.421771988739167
-81.38534545898438,161.92367553710938,0,11,5,6.297926902770996,1015.57373046875,9.07412052154541,-1.980400562286377,2017-08-12 12:40:17.472096,13.2,0,45,180,57.42607939324595,-104.15400337586853,80.28418931305265,3.5592250126398635
-172.78753662109375,1068.1201171875,0,22,5,3.727354049682617,2317.41064453125,5.242072582244873,-2.213916778564453,2017-08-12 12:40:17.472096,13.2,0,45,180,61.40538382863799,-101.8815873735198,78.39285779511034,1.5597820059187213
-2.6190335750579834,19.31874656677246,0,34,0,14.334233283996582,307.56024169921875,39.235198974609375,-1.9978965520858765,2017-08-12 12:41:00.040066,10.6,1,45,180,66.60661380877039,-108.3461405824518,79.98494900035983,14.635406037136995
6.0250244140625,11.882397651672363,0,16,4,3.6588640213012695,160.14955139160156,38.07869338989258,1.70226788520813,2017-08-12 12:41:13.993675,10.7,0,45,180,59.11993463173327,-104.17659911621396,79.81930746843855,27.84398110797866
105.17595672607422,264.09918212890625,0,17,6,3.081817865371704,1099.1097412109375,38.67378234863281,1.337604522705078,2017-08-12 12:41:20.816522,10.8,0,45,180,59.28504996699818,-102.29391381086585,78.83473238536259,4.019536920500079
23.646215438842773,204.5906524658203,0,23,9,4.402249813079834,1184.265380859375,12.25997543334961,-3.1269004344940186,2017-08-12 12:41:31.244067,10.8,0,45,180,60.79047761592891,-97.27713975896408,76.13711341000074,3.7305085970449836
-3.629767179489136,8.518485069274902,0,7,13,3.669387817382813,148.6542510986328,23.014657974243164,-0.4202134013175964,2017-08-12 12:41:45.194672,10.6,0,45,180,55.04179854173685,-101.97249737147646,79.38679359571098,30.280123070018668
3.4848148822784424,6.700479984283447,0,7,2,1.4254635572433472,104.00123596191406,33.882625579833984,-2.3028101921081543,2017-08-12 12:42:06.846619,13.1,0,45,180,56.05956191776652,-106.11894998906246,81.39173359275289,35.02120123352944
-12.414730072021484,28.638561248779297,0,8,4,1.8561474084854128,320.1449279785156,38.85121536254883,-1.828410625457764,2017-08-12 12:42:13.766722,13.1,0,45,180,56.40487711524329,-105.12912766199248,80.76695930191492,11.376873081064076
-2.557331323623657,15.623560905456545,0,8,5,3.2835681438446045,224.94869995117188,38.4554557800293,-2.511277198791504,2017-08-12 12:42:17.280650,13.2,0,45,180,56.34713033859563,-104.6735378030316,80.52820449189699,16.068798905923703
7.171426296234131,17.681581497192383,0,1,12,3.72899866104126,255.74053955078125,18.383323669433597,0.0558079108595848,2017-08-12 12:42:41.583022,13.1,0,45,180,53.12417312320367,-104.98088922266858,81.36161827881288,14.241966563282185
-13.932098388671877,20.33850860595703,0,10,12,3.1772243976593018,247.2110595703125,32.75458526611328,3.140058994293213,2017-08-12 12:42:41.583022,13.1,0,45,180,56.13614443517864,-100.89891153158445,78.47167491153179,14.733354646384793
-2.511059045791626,5.066128253936768,0,0,13,6.158933162689209,88.02763366699219,20.80080223083496,0.9253883957862854,2017-08-12 12:42:45.095952,13.1,0,45,180,52.62473345505578,-105.37644220518118,81.69820727979047,41.376191332560026
449.9747314453125,7271.9931640625,0,18,14,3.873198747634888,5000.89794921875,22.136585235595703,1.6336348056793213,2017-08-12 12:42:48.512124,13.1,0,45,180,57.485719147741136,-96.2026473373276,75.74653852070793,0.7283188439642065
34.762569427490234,107.7238998413086,0,35,1,6.569596767425537,841.9215087890625,41.36188888549805,-1.992436170578003,2017-08-12 12:43:03.442616,10.5,0,45,180,67.03963553259572,-106.26182308161928,78.8990270374147,5.397341913058106
1.8441706895828247,14.817703247070312,0,51,8,1.9504685401916504,209.32749938964844,42.43743133544922,2.33141827583313,2017-08-12 12:43:27.622110,10.7,0,45,180,70.18705544143371,-81.35753434366224,69.88144838717344,21.30250968650097
-4.732605457305908,8.769000053405762,0,32,12,3.948809862136841,80.00717163085938,37.61833190917969,2.17889142036438,2017-08-12 12:43:41.482804,10.6,0,45,180,62.12653016864206,-88.98479312824387,71.89693397409582,56.26081920401102
-2.5673253536224365,35.56687545776367,0,43,14,2.359712600708008,333.0177001953125,13.073606491088867,-1.2528234720230105,2017-08-12 12:43:48.310507,10.6,0,45,180,62.92430456407436,-78.71726973541365,67.29888070260483,13.516605920670575
-29.93812561035156,44.60479736328125,0,3,15,6.631873607635498,528.1236572265625,27.71808624267578,1.1232821941375732,2017-08-12 12:43:51.823583,10.8,0,45,180,53.55674423204956,-103.54430336929204,80.27030441069358,8.365298778091638
68.1810302734375,129.3759307861328,0,14,15,3.7906672954559326,962.17578125,30.12688446044922,1.6443066596984863,2017-08-12 12:43:51.823583,10.8,0,45,180,56.09951336165459,-98.04655287441982,76.7521255608534,4.591585311718373
262.5052185058594,1563.0867919921875,0,16,11,7.037046432495117,2971.610107421875,37.24461364746094,-2.381195306777954,2017-08-12 12:44:38.279110,13.1,0,45,180,57.84404810080984,-99.05362439275318,76.97380943833501,1.2256817285891966
33.53277969360352,54.88394546508789,0,22,11,2.3274974822998047,425.716552734375,21.3283805847168,0.0727878510951995,2017-08-12 12:44:38.279110,13.1,0,45,180,59.76567089498069,-95.97329449811676,75.20184320936374,8.555571047834134
-15.836209297180176,372.3082885742188,0,17,15,4.497162818908691,1366.3199462890625,7.763404846191406,0.3255673050880432,2017-08-12 12:44:52.228330,13.1,0,45,180,56.85285352296428,-96.29497840388898,75.57752552846638,2.6657359596120593
352.2430114746094,640.7683715820312,0,18,15,4.981822490692139,1630.631591796875,35.55553436279297,-0.4658310413360595,2017-08-12 12:44:52.228330,13.1,0,45,180,57.10600981602614,-95.68254179321607,75.22482564624123,2.2336426152178217
134.58450317382812,261.9216613769531,0,19,15,4.063467979431152,1144.52685546875,36.55156707763672,-0.138687252998352,2017-08-12 12:44:52.228330,13.1,0,45,180,57.35415514655122,-95.06369844801988,74.87348516353525,3.182317824832743
2.0201711654663086,11.100441932678224,0,33,0,3.734524726867676,148.33474731445312,39.07313919067383,-2.0460429191589355,2017-08-12 12:45:00.038409,10.6,1,45,180,66.20167281370618,-108.27584294444272,79.67029137555892,30.34534456451981
-15.214083671569824,46.33248519897461,0,34,0,6.985089302062988,482.43011474609375,41.08487701416016,-1.45079505443573,2017-08-12 12:45:00.038409,10.6,1,45,180,66.60661380877039,-108.3461405824518,79.60344500813082,9.33040637506037
13.591299057006836,377.6249694824219,0,60,2,3.475583553314209,1642.9346923828125,40.21660232543945,-2.9290807247161865,2017-08-12 12:45:06.963016,10.6,0,45,180,77.06758000086195,-99.82609481272804,75.4628882383704,2.7397735521791753
228.0693817138672,541.6952514648438,0,59,3,3.3412108421325684,2230.574462890625,36.96869659423828,1.8147218227386477,2017-08-12 12:45:10.379189,10.7,0,45,180,76.3389762242238,-94.39804001118569,74.22451917403275,1.9991267530339634
-127.35535430908205,380.9459838867188,0,10,7,4.240905284881592,1360.1220703125,35.50324249267578,0.544642448425293,2017-08-12 12:45:24.032089,10.7,0,45,180,56.92975595907609,-103.23303229465212,79.22637893426352,3.278530053096242
75.94452667236328,298.0047912597656,0,59,7,4.027288913726807,1465.012451171875,34.61777877807617,0.3447899520397186,2017-08-12 12:45:24.032089,10.7,0,45,180,73.36848313661514,-76.67895435255218,69.1649440357477,3.0437973956003317
238.04379272460935,617.4119873046875,0,49,10,4.14675235748291,2442.738037109375,38.69397735595703,1.5616832971572876,2017-08-12 12:45:34.365875,10.7,0,45,180,67.87612580263465,-78.85670304638465,68.30112024166917,1.8254929573519998
-7.05375337600708,10.749359130859377,0,24,15,3.477714776992798,70.0367202758789,24.218250274658203,0.538428783416748,2017-08-12 12:45:51.636247,10.7,0,45,180,58.52601322430016,-91.86445700731444,73.00283210405003,63.66947318255262
8.890410423278809,99.89460754394533,0,26,15,0.9353375434875488,572.318359375,29.361860275268555,1.5643317699432373,2017-08-12 12:45:51.636247,10.7,0,45,180,58.964359338779765,-90.53228275205772,72.31244521012628,7.79146957345328
1.0871835947036743,92.31195831298828,0,27,15,2.7345571517944336,655.8616333007812,27.58872985839844,1.1886500120162964,2017-08-12 12:45:51.636247,10.7,0,45,180,59.17716775570445,-89.85440625331957,71.96800019605612,6.798996704468
1.98939049243927,31.96177101135254,0,32,15,1.6102783679962158,258.9385681152344,22.70486831665039,0.2736959755420685,2017-08-12 12:45:51.636247,10.7,0,45,180,60.17714633239075,-86.343792102008,70.25146971312421,17.221077245683045
-14.974072456359863,296.91943359375,0,40,15,4.748281955718994,1252.54150390625,36.964202880859375,-2.8429114818573,2017-08-12 12:45:51.636247,10.7,0,45,180,61.54524024302066,-80.29922117222762,67.51804580103357,3.560122414700258
-2.5963268280029297,30.31053352355957,0,9,0,2.8390800952911377,331.2460632324219,5.400604724884033,-0.0016638919478282,2017-08-12 12:46:00.045085,13.2,1,45,180,56.88268935470303,-107.02833612540866,81.16439436428686,10.91229700480423
-0.7638214230537415,7.125424385070801,0,37,0,2.520119428634644,97.5116195678711,40.09453582763672,-1.9140639305114744,2017-08-12 12:47:00.035776,10.7,1,45,180,67.82016927347608,-108.57821942020672,79.22660466079074,45.7299458583525
-63.99445343017578,237.8447113037109,0,65,5,2.156322717666626,1162.5421142578125,39.89561462402344,1.8168749809265137,2017-08-12 12:47:17.603354,10.8,0,45,180,77.12628461584136,-78.34237166886587,70.64016897701187,3.800216895625432
-24.961894989013672,1816.9385986328125,0,33,6,3.6990811824798575,3021.81591796875,31.701528549194336,-0.1476181447505951,2017-08-12 12:47:21.024374,10.7,0,45,180,65.3440020573932,-96.81800748740709,74.93394683526417,1.4756693340858646
-477.9156799316406,850.8825073242188,0,32,10,1.380225658416748,2390.457763671875,40.56611633300781,2.089123010635376,2017-08-12 12:47:34.694412,10.7,0,45,180,63.25791640298606,-91.30464025256464,72.55212619170607,1.8654172230800818
-3.955108880996704,7.520932197570801,0,9,12,4.119652271270752,99.70403289794922,39.41967391967773,2.3271689414978027,2017-08-12 12:47:41.624505,10.8,0,45,180,55.8353383886589,-101.35642743134356,78.08576570971199,44.310265653953515
161.2775421142578,2374.264892578125,0,56,14,3.2967097759246826,3955.501708984375,27.54960823059082,0.9398135542869568,2017-08-12 12:47:48.651510,10.5,0,45,180,64.58331895083816,-67.36619988090067,62.64622803205009,1.148814633696389
-0.2457475960254669,6.732542037963867,0,0,2,3.0234103202819824,91.28365325927734,25.91622543334961,1.6758582592010498,2017-08-12 12:48:06.855316,13.2,0,45,180,52.92859775562152,-106.68947768387213,81.61192298044259,39.5980583007285
0.939705491065979,10.695565223693848,0,35,0,3.9933853149414062,125.51558685302734,10.666143417358398,-1.2324692010879517,2017-08-12 12:49:00.014161,10.7,1,45,180,67.01132425681813,-108.41985398687004,79.16068262958602,35.52707034402444
2.166467428207397,9.085914611816406,0,12,3,3.328197956085205,97.19535064697266,6.572583198547363,-2.359091758728028,2017-08-12 12:49:10.270025,10.5,0,45,180,57.84660656432045,-105.29529368337911,79.63870130429,46.75262979807833
0.1298013627529144,9.187247276306152,0,31,11,3.5958290100097656,101.89354705810548,39.97614288330078,2.2989437580108643,2017-08-12 12:49:38.071340,10.7,0,45,180,62.43100539953501,-90.72631138124578,72.02863701606526,43.76333155676799
-4.8368096351623535,9.35041618347168,0,27,14,0.805031418800354,98.39270782470705,31.351320266723636,1.3658607006072998,2017-08-12 12:49:48.306716,10.8,0,45,180,59.74288827494024,-90.55326729442042,71.83623724897097,44.900809035050095
-173.1876678466797,419.2335205078125,0,17,12,5.80596399307251,1554.4610595703125,33.45806884765625,-3.045440673828125,2017-08-12 12:50:41.682103,13.1,0,45,180,57.87522009366267,-97.9259954604915,75.58084592669361,2.343093891438342
-128.53854370117188,282.4595642089844,0,22,12,3.92908239364624,1198.7618408203125,31.03168296813965,2.586292266845703,2017-08-12 12:50:41.682103,13.1,0,45,180,59.37987648865592,-95.17692865241958,74.06114579197076,3.0383418032939566
215.4502410888672,778.7539672851562,0,18,13,5.939523696899414,2105.33203125,28.09976577758789,2.3620493412017822,2017-08-12 12:50:45.097629,13.1,0,45,180,57.845567679254565,-96.77285518443514,74.96676182918787,1.7300113042005338
-1.870383858680725,1712.0587158203125,0,17,7,12.007146835327148,3074.79638671875,24.278663635253903,-1.6534117460250854,2017-08-12 12:51:24.149173,10.7,0,45,180,59.11770845542025,-101.48163783727412,77.19055477878516,1.4502427226271137
716.8270263671875,1433.7862548828125,0,28,7,4.258347988128662,1911.2408447265625,25.113300323486328,-1.5163884162902832,2017-08-12 12:51:24.149173,10.7,0,45,180,63.1939926366068,-97.36481022217262,74.84417432267016,2.3331445096010284
352.14898681640625,691.57861328125,0,32,7,10.06258487701416,1953.6708984375,21.287511825561523,-2.108501672744751,2017-08-12 12:51:24.149173,10.7,0,45,180,64.62390827763359,-95.59836608808492,74.01944410779085,2.282473003495817
-390.88818359375,2641.296875,0,57,7,10.594453811645508,4441.609375,25.15995979309082,-1.5085999965667725,2017-08-12 12:51:24.149173,10.7,0,45,180,72.8009122241132,-78.69119428231272,69.13185339077056,1.003960660858208
839.2000732421875,1256.720458984375,0,63,7,8.053596496582031,2842.904296875,22.97227668762207,-1.8591283559799197,2017-08-12 12:51:24.149173,10.7,0,45,180,74.44174148768202,-72.23261892328257,68.03013126491126,1.5685371780895652
-28.56764030456543,191.15264892578125,0,64,7,7.715134143829346,740.9629516601562,22.289907455444336,-1.9623026847839355,2017-08-12 12:51:24.149173,10.7,0,45,180,74.69549268023255,-71.02656423551001,67.84947311308758,6.018116119581955
-17.751144409179688,43.13400650024414,0,34,12,3.9381492137908936,370.2641906738281,38.57439804077149,2.4929986000061035,2017-08-12 12:51:41.611855,10.5,0,45,180,62.63410990399273,-87.6179459555102,70.38007083267168,12.27269166543662
-96.00366973876952,506.2309265136719,0,18,5,3.9842798709869385,1511.4617919921875,11.747687339782717,-1.744067907333374,2017-08-12 12:52:17.478996,13.2,0,45,180,59.823254503750405,-102.89000783176952,77.68590264582465,2.3914963929720257
716.2077026367188,1115.77734375,0,19,5,4.162042140960693,2083.152587890625,9.126306533813477,-1.976363062858581,2017-08-12 12:52:17.478996,13.2,0,45,180,60.2215210287204,-102.64477400256386,77.5080524316945,1.7351851442262836
2.7948431968688965,9.480422973632812,0,13,7,2.5415494441986084,119.93414306640624,6.535769462585449,-2.393521547317505,2017-08-12 12:52:24.510996,13.2,0,45,180,57.748086176820046,-102.619367987864,77.84021027704287,30.138668866487457
8.864421844482422,19.19915008544922,0,48,9,1.7436621189117432,203.1076812744141,38.673828125,1.3961727619171145,2017-08-12 12:53:31.149069,10.7,0,45,180,68.50812846621015,-81.63196418145957,68.73893278967937,21.954861851700663
-5.806078910827637,23.180389404296875,0,5,10,8.074045181274414,328.2192687988281,42.535064697265625,2.5707852840423584,2017-08-12 12:53:34.658649,10.7,0,45,180,54.76885965358088,-103.7229838609272,78.76041968928463,13.586042951464076
-41.56526184082031,83.42359161376953,0,16,11,4.548435688018799,616.3922729492188,39.34749984741211,1.9615322351455688,2017-08-12 12:53:38.070178,10.8,0,45,180,57.84404810080984,-99.05362439275318,75.7912739908591,7.167371134197554
-10.647503852844238,16.566057205200195,0,0,6,3.5858821868896484,227.2709808349609,24.54861831665039,0.2978375554084778,2017-08-12 12:54:20.719707,13.1,0,45,180,52.90589572575243,-106.15482374003892,80.3999014176477,16.026015287023778
-3.2821106910705566,6.791629314422607,0,7,6,7.6721696853637695,134.37269592285156,38.39667510986328,-2.5159623622894287,2017-08-12 12:54:20.719707,13.1,0,45,180,55.881847106683566,-104.46276248955904,78.87280677163797,27.105567750528152
46.80251693725586,124.44139862060548,0,8,6,5.465584754943848,903.92529296875,36.82623672485352,-2.977311372756958,2017-08-12 12:54:20.719707,13.1,0,45,180,56.2734116727643,-104.22645852811296,78.6762020425965,4.029368623147809
-16.81357192993164,171.02432250976562,0,27,6,2.475945472717285,814.7634887695312,38.16361618041992,-2.5854711532592773,2017-08-12 12:54:20.719707,13.1,0,45,180,63.11528807647736,-99.11071474273066,75.30296631921154,4.4703134877319455
29.518400192260746,52.84418869018555,0,4,7,3.532186508178711,464.4775695800781,37.97574234008789,-3.0645885467529297,2017-08-12 12:54:24.227141,13.3,0,45,180,54.631559499634925,-104.88249672450289,79.32292695493473,7.723683119034986
-4.69147253036499,22.43107032775879,0,0,9,3.15254020690918,279.65045166015625,25.011638641357425,0.3362884819507599,2017-08-12 12:54:31.053845,13.1,0,45,180,52.82112644138072,-105.79118510518808,80.1790062884416,13.024288684447377
-106.6200180053711,675.2925415039062,0,16,13,4.479052543640137,1904.0562744140625,27.948162078857425,2.3238348960876465,2017-08-12 12:54:44.813786,13.1,0,45,180,57.25901444335064,-97.89312683537044,75.07532054483286,1.9128889529690003
45.82926177978516,2333.276123046875,0,18,13,3.616208791732788,2988.6240234375,33.39803695678711,-2.5304393768310547,2017-08-12 12:54:44.813786,13.1,0,45,180,57.845567679254565,-96.77285518443514,74.43897748824065,1.2187040539708558
4.204797267913818,7.8397345542907715,0,57,6,1.812882661819458,94.24175262451172,7.228310585021973,2.8134002685546875,2017-08-12 12:55:20.831278,10.8,0,45,180,73.68655905317479,-82.11168116605397,70.05661403045882,46.878501953173334
10.94577693939209,35.31953430175781,0,29,11,4.329230308532715,311.053466796875,40.93177795410156,2.446838617324829,2017-08-12 12:55:38.897968,10.7,0,45,180,61.86020852181777,-91.9669030360339,71.88486373329201,14.33580255291278
-40.80805206298828,161.97653198242188,0,6,12,6.22264575958252,1153.7901611328125,29.93339729309082,0.350748747587204,2017-08-12 12:55:42.411896,10.6,0,45,180,54.87466507668772,-102.73622383498622,77.88553480998304,3.901289133657224
-78.85472106933594,119.1536636352539,0,40,12,4.82108736038208,685.6516723632812,39.5507926940918,2.5911145210266118,2017-08-12 12:55:42.411896,10.6,0,45,180,64.06523981185117,-83.23029704806551,68.19957752158217,6.564950104523534
-48.64947509765625,79.57359313964844,0,4,13,3.614223718643189,602.128173828125,11.85637092590332,-2.131387233734131,2017-08-12 12:55:45.834063,10.8,0,45,180,54.09972009656561,-103.41331515744372,78.3843651473837,7.337162379217494
64.28524017333984,394.50006103515625,0,19,14,3.5577292442321777,1460.951904296875,27.68960189819336,0.8959583044052124,2017-08-12 12:55:49.341997,10.6,0,45,180,57.75339462632244,-95.60610165346824,73.6820214189245,3.081052158465425
4.820578575134277,8.901152610778809,0,8,3,1.6470375061035156,138.34173583984375,32.270042419433594,3.023064374923706,2017-08-12 12:56:10.262662,13.1,0,45,180,56.44637600970144,-105.59127379663614,79.13779543882202,26.327905971734733
-94.49725341796876,710.1038818359375,0,0,14,4.55511999130249,1819.8193359375,14.931074142456056,0.2494746297597885,2017-08-12 12:56:48.309352,13.2,0,45,180,52.56053154823578,-105.2885997345326,79.59666270141675,1.9862715777784723
-68.69693756103516,193.81089782714844,0,3,14,5.836296558380127,983.1254272460938,7.270413875579834,-0.5177128314971924,2017-08-12 12:56:48.309352,13.2,0,45,180,53.66702166998037,-103.71054114871689,78.47629348206772,3.6766981338176072
-8.339683532714844,15.166702270507812,0,51,4,4.300548076629639,219.3290100097656,39.86355209350586,2.1578283309936523,2017-08-12 12:57:13.880317,10.7,0,45,180,72.83368281686357,-93.90812577215996,73.11027352947538,20.331104778161656
-131.20968627929688,295.28436279296875,0,21,5,4.1268630027771,1037.6060791015625,20.64449691772461,-1.962626814842224,2017-08-12 12:57:17.393246,10.7,0,45,180,61.01239436746656,-102.14092194074864,76.55966831001761,4.297585734328122
-84.60584259033203,330.9369201660156,0,57,5,3.567652463912964,1366.1810302734375,11.086431503295898,-2.998666286468506,2017-08-12 12:57:17.393246,10.7,0,45,180,74.45481915433638,-86.04804337231688,71.15917657725444,3.263989899278952
-524.2697143554688,1056.2867431640625,0,58,5,3.385511636734009,2690.1279296875,24.05349922180176,-1.4477161169052124,2017-08-12 12:57:17.393246,10.7,0,45,180,74.80016047571405,-85.23135772335445,71.02578216514516,1.6576167379210909
-7.876471042633057,30.775793075561523,0,57,6,19.574560165405277,476.7371520996094,41.788848876953125,2.1285572052001958,2017-08-12 12:57:20.808919,10.8,0,45,180,73.68655905317479,-82.11168116605397,69.92223748952931,9.266976918038837
3.071516752243042,4.652873516082764,0,55,7,31.122154235839844,109.37818908691406,43.25962066650391,2.461699962615967,2017-08-12 12:57:24.220449,10.7,0,45,180,72.21542792805526,-80.57514094693147,69.06807959016969,40.76864977034537
5.658905029296875,11.755125045776367,0,9,6,3.632561206817627,181.89324951171875,38.645050048828125,-2.669307231903076,2017-08-12 12:58:20.818592,13.2,0,45,180,56.6628734688925,-103.9867243272512,77.94232311487475,19.872400066344795
-8.23242473602295,584.848876953125,0,3,11,4.162450790405273,1676.1405029296875,11.536320686340332,-1.496504783630371,2017-08-12 12:58:38.176730,13.2,0,45,180,53.95517906295759,-104.2744891628904,78.49073504092654,2.156534859307067
60.78662109375,313.5556640625,0,7,11,4.449365139007568,1225.928466796875,4.521129608154297,-1.9803054332733157,2017-08-12 12:58:38.176730,13.2,0,45,180,55.34420062628309,-102.60896279806688,77.33484114993918,2.9485043553224424
-55.49586486816406,151.9747314453125,0,15,15,4.735074043273926,1006.274169921875,12.023324012756348,0.7125004529953003,2017-08-12 12:58:52.113855,13.1,0,45,180,56.330200710311175,-97.50209142835872,74.36535788611117,3.6195386128620872
-17.324758529663086,271.82940673828125,0,19,7,3.374502897262573,1320.9588623046875,43.47167205810547,2.5265729427337646,2017-08-12 12:59:24.222811,10.7,0,45,180,59.87752633344188,-100.79825248236222,75.76064862905908,3.375730471741571
11.157249450683594,75.10061645507812,0,19,9,6.235144138336182,630.7138061523438,42.12458801269531,2.2144784927368164,2017-08-12 12:59:31.157907,10.8,0,45,180,59.40700683382163,-99.0890146104887,74.92515443770827,7.004622605980406
-40.059844970703125,88.99275207519531,0,41,10,2.3311095237731934,536.8898315429688,10.216655731201172,-3.0685722827911377,2017-08-12 12:59:34.574071,10.7,0,45,180,65.83220052554321,-85.27507315941675,68.98010857766822,8.30561657423033
15.112255096435549,62.66032791137695,0,43,10,4.431614875793457,484.1195068359375,42.96492767333984,2.69058895111084,2017-08-12 12:59:34.574071,10.7,0,45,180,66.36716205240546,-83.7716389049156,68.49116122252096,9.21095105740117
-0.3730666041374206,84.38790893554688,0,20,11,3.839833974838257,607.4180297851562,41.80799865722656,2.622068166732788,2017-08-12 12:59:38.093494,10.8,0,45,180,59.13921378031365,-97.03220775090269,73.87861611107832,7.273264815733682
